Male,23-30,EYes,FYes,GNo,HNo,IN,JN,KY,LY,MN,NY,OY,PN,QN,RY,SN,TN,UN,VY,WM,XN,YN,ZY,AAN,ABY,ACN,ADN,AEN,AFY,AGN,AHN,Engineer
Male,31-49,ENo,FNo,GYes,HNo,IM,JY,KY,LY,MM,NN,OY,PN,QN,RY,SY,TM,UM,VM,WN,XN,YN,ZY,AAY,ABY,ACN,ADN,AEN,AFM,AGY,AHY,Teacher
Male,23-30,EYes,FYes,GYes,HNo,IN,JM,KY,LY,MN,NM,OY,PY,QN,RM,SN,TM,UN,VN,WN,XN,YN,ZY,AAY,ABY,ACN,ADN,AEN,AFY,AGN,AHN,Teacher
Male,23-30,ENo,FYes,GYes,HNo,IN,JN,KY,LN,MN,NM,OY,PN,QN,RM,SM,TM,UN,VM,WM,XN,YN,ZY,AAY,ABY,ACM,ADY,AEN,AFY,AGY,AHN,Teacher
Male,23-30,Maybe,FMay be,GYes,HNo,IN,JN,KM,LM,MN,NY,OY,PN,QY,RY,SN,TY,UN,VY,WN,XY,YN,ZN,AAY,ABY,ACY,ADY,AEY,AFY,AGY,AHY,Teacher
Male,23-30,EYes,FNo,GNo,HNo,IM,JM,KN,LN,MN,NY,ON,PN,QN,RY,SN,TN,UN,VN,WN,XN,YN,ZY,AAN,ABY,ACY,ADN,AEN,AFY,AGN,AHN,Engineer
Male,23-30,EYes,FYes,GYes,HNo,IN,JY,KN,LN,MY,NY,OY,PY,QN,RY,SN,TN,UY,VY,WN,XN,YN,ZN,AAY,ABY,ACN,ADY,AEN,AFM,AGY,AHN,Engineer
Male,23-30,ENo,FNo,GNo,HNo,IN,JY,KN,LN,MY,NY,OY,PN,QY,RY,SN,TM,UY,VN,WN,XN,YN,ZY,AAY,ABN,ACN,ADN,AEN,AFY,AGN,AHN,Engineer
Male,23-30,ENo,FYes,GYes,HNo,IN,JM,KY,LY,MN,NM,OY,PN,QN,RY,SN,TN,UN,VY,WN,XM,YN,ZY,AAY,ABY,ACY,ADY,AEN,AFY,AGY,AHN,Engineer
Male,23-30,EYes,FYes,GMay be,HNo,IN,JY,KM,LN,MM,NN,OY,PN,QN,RM,SN,TN,UN,VY,WN,XY,YN,ZY,AAY,ABN,ACN,ADY,AEN,AFN,AGN,AHY,Other
Male,23-30,EYes,FYes,GYes,HNo,IN,JN,KY,LN,MN,NY,OY,PN,QN,RM,SM,TN,UN,VY,WN,XN,YN,ZY,AAY,ABY,ACN,ADN,AEY,AFY,AGY,AHN,Teacher
Male,23-30,EYes,FNo,GMay be,HNo,IYes,JY,KM,LY,MN,NY,ON,PY,QY,RY,SY,TM,UN,VY,WN,XM,YM,ZY,AAN,ABY,ACY,ADY,AEN,AFY,AGN,AHN,Engineer
Male,23-30,EYes,FNo,GMay be,HNo,IN,JN,KY,LN,MN,NY,OY,PN,QN,RN,SN,TN,UN,VY,WN,XM,YN,ZY,AAY,ABY,ACY,ADY,AEN,AFN,AGN,AHN,Engineer
Male,23-30,EYes,FMay be,GYes,HNo,IN,JY,KN,LY,MY,NN,OY,PN,QN,RM,SN,TM,UN,VY,WN,XN,YN,ZY,AAN,ABN,ACY,ADY,AEN,AFY,AGN,AHN,Engineer
Male,23-30,EYes,FNo,GNo,HNo,IN,JM,KY,LY,MN,NN,OY,PN,QN,RY,SN,TN,UM,VY,WN,XN,YN,ZY,AAN,ABY,ACY,ADY,AEY,AFY,AGY,AHY,Engineer
Male,23-30,EYes,FYes,GYes,HNo,IN,JN,KY,LN,MY,NY,OY,PN,QN,RY,SN,TN,UN,VY,WN,XN,YN,ZY,AAY,ABY,ACY,ADN,AEY,AFN,AGN,AHN,Engineer
Male,23-30,EYes,FMay be,GNo,HNo,IN,JN,KY,LM,MN,NN,OY,PN,QN,RY,SN,TM,UY,VM,WN,XN,YM,ZY,AAM,ABY,ACM,ADN,AEM,AFM,AGY,AHN,Engineer
Male,19-22,Maybe,FNo,GYes,HNo,IN,JN,KY,LN,MN,NY,OY,PN,QN,RM,SN,TN,UN,VY,WN,XN,YN,ZY,AAY,ABY,ACN,ADY,AEN,AFM,AGY,AHN,Engineer
Male,23-30,EYes,FNo,GMay be,HNo,IN,JN,KN,LN,MY,NY,OY,PN,QN,RN,SN,TN,UN,VN,WN,XN,YN,ZY,AAY,ABY,ACN,ADY,AEN,AFY,AGN,AHN,Engineer
Male,23-30,EYes,FYes,GYes,HNo,IM,JN,KY,LM,MN,NM,ON,PN,QM,RY,SM,TN,UN,VY,WN,XN,YN,ZY,AAN,ABY,ACM,ADN,AEY,AFM,AGY,AHM,Other
Male,23-30,EYes,FYes,GYes,HNo,IM,JY,KY,LN,MN,NN,OY,PM,QN,RY,SN,TM,UN,VY,WN,XN,YN,ZY,AAY,ABN,ACY,ADN,AEN,AFY,AGY,AHN,Engineer
Male,23-30,EYes,FYes,GNo,HNo,IYes,JY,KM,LN,MN,NM,OY,PN,QN,RY,SN,TN,UN,VM,WN,XM,YN,ZY,AAM,ABY,ACM,ADY,AEM,AFY,AGM,AHN,Engineer
Male,31-49,EYes,FYes,GNo,HNo,IN,JN,KY,LN,MN,NY,OY,PN,QY,RY,SY,TN,UN,VN,WN,XY,YN,ZY,AAY,ABY,ACN,ADY,AEN,AFY,AGY,AHN,Engineer
Male,19-22,EYes,FYes,GMay be,HNo,IN,JN,KY,LM,MN,NN,ON,PM,QM,RM,SN,TY,UY,VN,WN,XY,YN,ZM,AAY,ABN,ACN,ADY,AEN,AFN,AGN,AHY,Student
Male,23,EYes,FYes,GNo,HNo,IYes,JY,KY,LN,MN,NN,OY,PN,QN,RY,SY,TN,UN,VN,WY,XN,YN,ZY,AAY,ABN,ACN,ADY,AEN,AFY,AGN,AHY,Student
Male,19-22,EYes,FNo,GYes,HNo,IN,JM,KY,LY,MN,NY,ON,PN,QN,RM,SM,TN,UN,VY,WN,XM,YM,ZY,AAY,ABY,ACM,ADY,AEN,AFY,AGN,AHN,Student
Option 3,23,EYes,FYes,GNo,HNo,IN,JM,KY,LY,MN,NY,ON,PY,QY,RY,SN,TY,UY,VN,WN,XY,YN,ZY,AAY,ABY,ACY,ADY,AEY,AFY,AGY,AHY,Student
Option 3,19-22,EMaybe,FMay be,GYes,HYes,IN,JN,KY,LN,MN,NN,OM,PN,QY,RN,SN,TY,UY,VY,WN,XY,YN,ZY,AAY,ABY,ACN,ADN,AEN,AFM,AGN,AHN,Student
Male,19-22,ENo,FNo,GNo,HNo,IM,JN,KY,LY,MN,NY,ON,PN,QM,RY,SN,TY,UN,VN,WN,XY,YN,ZY,AAY,ABM,ACY,ADY,AEY,AFY,AGM,AHY,Student
Male,23,EYes,FNo,GMay be,HNo,IN,JM,KY,LY,MN,NM,OY,PN,QN,RM,SM,TN,UN,VY,WN,XN,YM,ZY,AAY,ABN,ACY,ADY,AEN,AFY,AGN,AHN,Student
Male,19-22,ENo,FYes,GMay be,HNo,IN,JM,KY,LY,MN,NN,OY,PY,QY,RY,SN,TY,UN,VN,WM,XY,YN,ZY,AAY,ABY,ACY,ADN,AEN,AFY,AGN,AHY,Student
Option 3,19-22,EYes,FYes,GYes,HNo,IN,JM,KY,LN,MN,NY,OY,PY,QN,RN,SM,TY,UN,VY,WY,XN,YN,ZN,AAY,ABN,ACM,ADY,AEN,AFN,AGY,AHN,Student
Male,23,EYes,FYes,GYes,HMay be,IN,JN,KY,LN,MN,NM,ON,PN,QY,RM,SN,TY,UN,VY,WN,XM,YM,ZN,AAY,ABY,ACY,ADY,AEY,AFY,AGY,AHN,Student
Option 3,19-22,EYes,FYes,GMay be,HNo,IM,JN,KY,LY,MN,NN,OY,PN,QN,RY,SN,TN,UN,VM,WN,XM,YN,ZY,AAN,ABY,ACY,ADN,AEN,AFY,AGN,AHN,Student
Option 3,19-22,EYes,FYes,GNo,HNo,IN,JN,KY,LN,MN,NY,OY,PN,QM,RM,SN,TN,UN,VN,WN,XM,YN,ZY,AAY,ABN,ACY,ADN,AEY,AFY,AGN,AHN,Student
Male,23,EYes,FMay be,GMay be,HNo,IN,JM,KY,LY,MN,NM,OY,PN,QN,RM,SN,TN,UN,VY,WN,XY,YN,ZY,AAY,ABY,ACY,ADY,AEY,AFN,AGY,AHN,Student
Male,19-22,EYes,FYes,GNo,HNo,IN,JM,KM,LN,MN,NM,OY,PN,QN,RM,SM,TN,UN,VM,WN,XN,YN,ZM,AAY,ABN,ACM,ADN,AEY,AFY,AGN,AHN,Student
Male,19-22,EYes,FNo,GNo,HNo,IN,JY,KY,LN,MN,NY,OY,PN,QY,RY,SN,TN,UY,VY,WY,XN,YY,ZY,AAN,ABY,ACN,ADN,AEY,AFY,AGN,AHN,Student
Male,19-22,EYes,FNo,GYes,HNo,IN,JN,KY,LY,MM,NN,ON,PN,QY,RM,SN,TY,UY,VY,WN,XN,YN,ZY,AAY,ABY,ACN,ADY,AEN,AFY,AGY,AHM,Student
Option 3,23,EYes,FYes,GNo,HNo,IN,JY,KY,LY,MN,NY,ON,PN,QY,RY,SN,TY,UY,VN,WN,XY,YN,ZY,AAY,ABY,ACY,ADY,AEY,AFY,AGY,AHY,Student
Option 4,19-22,EYes,FMay be,GMay be,HNo,IN,JN,KM,LN,MN,NM,OY,PN,QN,RM,SN,TN,UN,VY,WN,XN,YN,ZY,AAY,ABN,ACY,ADY,AEN,AFY,AGN,AHN,Student
Male,23,ENo,FNo,GMay be,HMay be,IM,JN,KY,LY,MN,NM,OM,PN,QM,RM,SN,TM,UM,VM,WY,XY,YY,ZY,AAY,ABM,ACY,ADY,AEM,AFY,AGM,AHY,Student
Male,23,EYes,FYes,GYes,HNo,IN,JN,KM,LY,MN,NM,OY,PN,QY,RY,SN,TY,UY,VY,WN,XY,YN,ZY,AAY,ABN,ACY,ADY,AEN,AFY,AGN,AHN,Student
Female,23-30,EYes,FYes,GYes,HNo,IN,JN,KY,LN,MN,NY,OY,PN,QN,RN,SN,TN,UN,VY,WN,XN,YN,ZY,AAY,ABN,ACN,ADY,AEN,AFY,AGN,AHN,Student
Female,19-22,EYes,FMay be,GYes,HNo,IM,JY,KM,LY,MN,NY,OY,PM,QM,RY,SN,TM,UM,VY,WY,XN,YY,ZY,AAY,ABY,ACM,ADN,AEY,AFY,AGN,AHN,Student
Female,19-22,EYes,FMay be,GNo,HNo,IM,JN,KY,LN,MN,NN,OY,PN,QN,RY,SY,TN,UN,VY,WN,XN,YN,ZY,AAY,ABN,ACN,ADY,AEY,AFY,AGY,AHN,Student
Male,19-22,EMaybe,FMay be,GMay be,HNo,IM,JM,KY,LN,MN,NN,OY,PN,QN,RY,SM,TN,UM,VM,WN,XN,YM,ZY,AAY,ABN,ACM,ADY,AEN,AFM,AGM,AHN,Student
Male,19-22,ENo,FNo,GMay be,HMay be,IM,JY,KN,LY,MN,NM,OY,PN,QN,RY,SN,TY,UN,VM,WN,XY,YM,ZY,AAY,ABN,ACY,ADY,AEN,AFY,AGY,AHY,Student
Male,19-22,ENo,FYes,GYes,HNo,IN,JN,KY,LN,MN,NN,OY,PN,QN,RN,SN,TN,UN,VY,WN,XN,YN,ZY,AAY,ABN,ACY,ADY,AEN,AFN,AGN,AHN,Student
Male,19-22,EYes,FYes,GYes,HNo,IN,JY,KN,LN,MN,NY,OY,PN,QY,RY,SN,TN,UM,VY,WN,XN,YN,ZN,AAY,ABY,ACY,ADY,AEY,AFY,AGY,AHN,Student
Male,19-22,EYes,FMay be,GMay be,HNo,IN,JM,KM,LN,MN,NN,OY,PN,QN,RM,SN,TN,UN,VY,WN,XY,YN,ZY,AAY,ABY,ACY,ADY,AEN,AFY,AGN,AHN,Student
Female,19-22,EMaybe,FNo,GMay be,HNo,IM,JN,KY,LY,MN,NY,OY,PN,QN,RM,SN,TN,UN,VY,WN,XM,YN,ZY,AAY,ABN,ACM,ADY,AEY,AFY,AGN,AHN,Student
Male,19-22,EYes,FYes,GMay be,HNo,IM,JM,KY,LY,MN,NM,OY,PN,QN,RY,SN,TN,UN,VM,WN,XN,YM,ZY,AAY,ABY,ACY,ADN,AEY,AFY,AGN,AHN,Student
Male,23-30,ENo,FNo,GYes,HNo,IM,JY,KY,LY,MN,NY,OY,PN,QN,RY,SY,TN,UN,VM,WN,XM,YN,ZY,AAY,ABN,ACY,ADN,AEN,AFY,AGN,AHN,Student
Male,19-22,EMaybe,FYes,GMay be,HNo,IM,JN,KY,LY,MY,NY,OY,PN,QN,RY,SY,TN,UN,VN,WN,XN,YM,ZY,AAM,ABY,ACN,ADN,AEN,AFN,AGN,AHN,Engineer
Male,23-30,EMaybe,FYes,GMay be,HNo,IN,JN,KY,LN,MN,NN,OY,PN,QN,RM,SN,TN,UN,VY,WN,XN,YN,ZM,AAY,ABY,ACN,ADY,AEN,AFY,AGN,AHN,Engineer
Male,23-30,EMaybe,FMay be,GMay be,HNo,IN,JY,KM,LN,MN,NY,OY,PN,QN,RY,SM,TM,UN,VY,WN,XM,YN,ZY,AAY,ABM,ACM,ADY,AEM,AFM,AGY,AHN,Student
Male,23-30,EYes,FYes,GYes,HNo,IM,JY,KY,LN,MN,NM,OY,PN,QM,RY,SN,TM,UM,VY,WN,XM,YN,ZY,AAY,ABY,ACY,ADY,AEN,AFY,AGN,AHN,Student
Male,31-50,EYes,FMay be,GMay be,HNo,IYes,JN,KN,LN,MY,NN,OY,PN,QN,RY,SM,TN,UN,VY,WN,XN,YN,ZY,AAY,ABY,ACN,ADY,AEN,AFY,AGN,AHN,Businessman
Female,19-22,EYes,FYes,GYes,HYes,IYes,JY,KY,LY,MY,NY,OY,PY,QN,RY,SM,TN,UN,VY,WN,XN,YY,ZM,AAM,ABY,ACM,ADY,AEY,AFY,AGY,AHY,Student
Male,23-30,ENo,FNo,GMay be,HNo,IN,JM,KN,LN,MN,NM,OY,PN,QN,RY,SN,TN,UN,VY,WN,XN,YN,ZY,AAY,ABN,ACY,ADY,AEY,AFN,AGY,AHN,Student
Female,19-22,EYes,FMay be,GYes,HNo,IN,JN,KY,LY,MN,NN,OY,PN,QN,RM,SY,TN,UN,VM,WN,XM,YN,ZY,AAY,ABY,ACY,ADY,AEN,AFY,AGY,AHN,Student
Male,23-30,EYes,FYes,GYes,HNo,IN,JN,KY,LN,MN,NY,OY,PN,QM,RM,SM,TM,UY,VY,WM,XY,YN,ZY,AAY,ABY,ACM,ADN,AEN,AFM,AGY,AHN,Engineer
Male,23-30,ENo,FNo,GNo,HNo,IN,JN,KN,LN,MN,NN,ON,PN,QN,RN,SN,TN,UN,VN,WN,XN,YN,ZN,AAN,ABY,ACY,ADY,AEY,AFY,AGN,AHN,Engineer
Male,23-30,EYes,FNo,GNo,HNo,IN,JY,KN,LN,MN,NN,ON,PN,QN,RY,SY,TN,UN,VN,WN,XN,YN,ZY,AAY,ABM,ACM,ADY,AEN,AFY,AGN,AHN,Student
Male,19-22,EYes,FYes,GMay be,HNo,IN,JN,KY,LN,MM,NY,OY,PN,QY,RY,SM,TN,UN,VN,WN,XY,YN,ZY,AAY,ABY,ACM,ADY,AEN,AFY,AGY,AHY,Student
Female,19-22,EMaybe,FYes,GYes,HMay be,IN,JM,KY,LN,MM,NN,OM,PN,QN,RM,SN,TN,UN,VM,WN,XN,YY,ZY,AAY,ABY,ACY,ADY,AEN,AFY,AGY,AHN,Student
Male,23-30,ENo,FMay be,GYes,HNo,IN,JN,KY,LN,MY,NN,ON,PN,QN,RY,SY,TN,UN,VN,WN,XN,YN,ZY,AAY,ABY,ACN,ADY,AEN,AFY,AGN,AHN,Student
Male,23-30,EYes,FYes,GMay be,HNo,IM,JM,KY,LM,MN,NM,OM,PN,QN,RY,SN,TN,UN,VM,WN,XN,YN,ZY,AAY,ABY,ACY,ADY,AEN,AFM,AGN,AHN,Student
Male,19-22,EYes,FMay be,GYes,HNo,IN,JN,KY,LY,MN,NY,ON,PY,QY,RY,SN,TY,UY,VY,WN,XY,YN,ZY,AAY,ABN,ACY,ADN,AEY,AFY,AGY,AHN,Student
Male,19-22,ENo,FYes,GYes,HNo,IYes,JM,KY,LY,MM,NY,OY,PN,QN,RM,SM,TN,UN,VY,WM,XN,YM,ZY,AAY,ABY,ACY,ADY,AEN,AFY,AGN,AHN,Student
Male,19-22,ENo,FNo,GMay be,HNo,IN,JN,KY,LN,MY,NM,OY,PN,QN,RY,SY,TN,UN,VN,WN,XN,YN,ZY,AAY,ABY,ACN,ADY,AEY,AFY,AGN,AHN,Student
Male,23-30,EYes,FYes,GYes,HYes,IYes,JY,KY,LY,MN,NN,ON,PN,QY,RY,SN,TN,UY,VN,WY,XN,YY,ZY,AAY,ABY,ACN,ADY,AEY,AFY,AGN,AHY,Student
Male,23-30,EYes,FYes,GNo,HNo,IN,JN,KY,LN,MN,NY,OY,PN,QN,RY,SN,TY,UN,VY,WN,XN,YN,ZY,AAY,ABN,ACY,ADY,AEY,AFY,AGY,AHN,Student
Female,19-22,ENo,FYes,GNo,HNo,IN,JN,KM,LN,MN,NN,OY,PN,QN,RM,SN,TN,UN,VY,WN,XN,YN,ZY,AAY,ABN,ACY,ADY,AEN,AFY,AGY,AHN,Student
Other,Above 60,ENo,FNo,GMay be,HYes,IYes,JY,KY,LY,MY,NN,OM,PY,QY,RN,SY,TY,UY,VY,WY,XY,YY,ZY,AAM,ABY,ACN,ADN,AEY,AFN,AGN,AHY,Businessman
Female,19-22,EYes,FNo,GYes,HYes,IYes,JN,KY,LN,MY,NY,OY,PN,QN,RY,SY,TN,UY,VY,WN,XN,YN,ZY,AAN,ABY,ACN,ADN,AEN,AFY,AGY,AHN,Student
Male,19-22,ENo,FNo,GYes,HNo,IN,JN,KN,LN,MN,NY,ON,PY,QY,RN,SN,TY,UY,VY,WN,XY,YN,ZY,AAY,ABY,ACY,ADY,AEY,AFY,AGY,AHY,Student
Male,19-22,EYes,FYes,GYes,HNo,IN,JY,KN,LN,MN,NN,OY,PY,QY,RY,SN,TY,UY,VN,WN,XM,YN,ZY,AAY,ABN,ACY,ADN,AEN,AFY,AGN,AHY,Student
Male,19-22,EYes,FYes,GMay be,HNo,IN,JM,KY,LN,MN,NM,OY,PN,QN,RY,SM,TY,UN,VY,WN,XN,YM,ZY,AAY,ABY,ACY,ADY,AEN,AFY,AGY,AHN,Student
Male,19-22,ENo,FNo,GNo,HNo,IN,JY,KM,LN,MN,NY,OY,PN,QN,RM,SY,TN,UN,VM,WM,XN,YN,ZY,AAY,ABN,ACY,ADY,AEY,AFY,AGN,AHN,Student
Male,23-30,ENo,FYes,GMay be,HNo,IN,JN,KM,LM,MM,NM,OY,PN,QN,RY,SY,TN,UN,VM,WN,XN,YM,ZY,AAM,ABM,ACY,ADY,AEY,AFM,AGM,AHN,Student
Male,19-22,ENo,FNo,GMay be,HNo,IM,JN,KY,LY,MN,NY,ON,PN,QN,RY,SY,TM,UM,VM,WM,XM,YN,ZY,AAY,ABN,ACY,ADM,AEM,AFN,AGM,AHM,Student
Male,23-30,EYes,FYes,GNo,HNo,IN,JN,KN,LN,MN,NY,OY,PN,QY,RY,SN,TY,UN,VN,WY,XY,YN,ZY,AAY,ABY,ACY,ADN,AEY,AFY,AGN,AHY,Student
Female,19-22,EYes,FMay be,GYes,HNo,IM,JM,KY,LM,MN,NY,OY,PM,QN,RM,SY,TY,UN,VY,WN,XY,YY,ZY,AAY,ABY,ACY,ADN,AEM,AFY,AGM,AHN,Student
Male,19-22,EYes,FYes,GYes,HMay be,IM,JM,KY,LN,MN,NN,OY,PM,QM,RY,SN,TY,UN,VY,WY,XM,YM,ZY,AAY,ABY,ACM,ADY,AEN,AFM,AGN,AHN,Student
Male,19-22,EYes,FYes,GMay be,HYes,IN,JY,KY,LY,MN,NY,OY,PN,QY,RY,SY,TN,UN,VY,WY,XN,YN,ZY,AAY,ABN,ACY,ADY,AEN,AFY,AGY,AHN,Student
Female,19-22,EYes,FYes,GNo,HYes,IM,JN,KY,LN,MN,NN,OY,PN,QN,RM,SM,TN,UN,VN,WY,XY,YN,ZY,AAN,ABY,ACN,ADY,AEN,AFY,AGN,AHM,Student
Male,19-22,EYes,FNo,GYes,HNo,IN,JY,KY,LY,MN,NY,OM,PN,QN,RM,SN,TN,UN,VN,WN,XN,YN,ZY,AAY,ABY,ACY,ADY,AEN,AFY,AGM,AHN,Student
Female,19-22,EMaybe,FMay be,GYes,HNo,IM,JY,KY,LY,MN,NY,OY,PN,QN,RM,SY,TN,UM,VY,WM,XM,YN,ZY,AAY,ABY,ACY,ADY,AEY,AFY,AGY,AHN,Student
Male,23-30,EYes,FNo,GYes,HMay be,IM,JN,KN,LN,MN,NY,OY,PN,QN,RY,SM,TN,UM,VY,WN,XN,YN,ZY,AAY,ABY,ACY,ADN,AEN,AFY,AGN,AHN,Student
Female,19-22,EMaybe,FNo,GMay be,HNo,IN,JM,KY,LY,MN,NY,OY,PN,QN,RM,SY,TN,UN,VY,WN,XN,YN,ZY,AAY,ABY,ACY,ADY,AEN,AFY,AGY,AHN,Student
Female,19-22,EYes,FYes,GNo,HNo,IN,JM,KY,LN,MN,NY,OY,PN,QN,RY,SM,TN,UN,VM,WN,XY,YN,ZY,AAY,ABY,ACY,ADY,AEY,AFY,AGN,AHN,Student
Male,19-22,EYes,FNo,GYes,HNo,IN,JN,KY,LY,MN,NM,OY,PN,QN,RY,SN,TN,UN,VY,WM,XY,YM,ZM,AAN,ABY,ACY,ADY,AEN,AFY,AGN,AHN,Student
Male,23-30,ENo,FYes,GYes,HNo,IN,JN,KY,LN,MN,NN,OY,PN,QN,RN,SN,TY,UN,VN,WN,XN,YN,ZY,AAY,ABN,ACY,ADY,AEN,AFN,AGN,AHN,Student
Male,19-22,EYes,FYes,GMay be,HYes,IN,JN,KN,LN,MN,NY,OY,PY,QM,RM,SN,TN,UN,VM,WN,XN,YM,ZM,AAY,ABM,ACN,ADY,AEM,AFY,AGM,AHN,Student
Male,19-22,EYes,FYes,GYes,HNo,IYes,JN,KY,LN,MN,NY,OY,PY,QN,RN,SN,TN,UN,VN,WN,XN,YN,ZY,AAN,ABN,ACN,ADY,AEY,AFY,AGY,AHN,Student
Male,23-30,EMaybe,FYes,GYes,HNo,IN,JN,KY,LN,MN,NN,OY,PN,QN,RM,SN,TN,UN,VN,WN,XN,YN,ZY,AAY,ABN,ACY,ADN,AEY,AFM,AGY,AHN,Student
Female,19-22,EYes,FYes,GMay be,HMay be,IM,JY,KY,LY,MM,NM,OY,PN,QN,RM,SM,TY,UY,VM,WM,XY,YY,ZY,AAY,ABN,ACY,ADY,AEM,AFM,AGN,AHN,Student
Male,23-30,EYes,FYes,GYes,HNo,IM,JN,KM,LN,MN,NM,OY,PN,QY,RY,SN,TY,UN,VY,WN,XY,YY,ZY,AAY,ABY,ACN,ADY,AEY,AFY,AGN,AHY,Student
Male,19-22,ENo,FNo,GMay be,HMay be,IM,JM,KY,LY,MN,NY,OY,PN,QN,RY,SY,TN,UN,VY,WY,XM,YN,ZY,AAY,ABY,ACY,ADY,AEY,AFY,AGN,AHN,Student
Male,23-30,EYes,FNo,GYes,HNo,IN,JN,KY,LN,MN,NN,OY,PN,QN,RY,SY,TN,UN,VN,WN,XN,YN,ZY,AAY,ABY,ACY,ADY,AEM,AFY,AGY,AHN,Student
Male,19-22,EYes,FYes,GYes,HNo,IM,JM,KY,LY,MN,NY,OY,PN,QN,RY,SN,TN,UN,VM,WM,XM,YN,ZY,AAY,ABN,ACY,ADY,AEN,AFY,AGN,AHN,Student
Male,23-30,EYes,FYes,GNo,HNo,IN,JN,KY,LN,MN,NN,OY,PN,QN,RN,SN,TN,UY,VN,WN,XN,YN,ZY,AAY,ABY,ACY,ADY,AEY,AFY,AGN,AHN,Student
Male,23-30,EYes,FYes,GNo,HNo,IN,JN,KM,LY,MN,NN,OY,PN,QN,RY,SN,TN,UN,VY,WN,XN,YN,ZY,AAY,ABY,ACN,ADN,AEN,AFY,AGY,AHN,Student
Male,23-30,EMaybe,FMay be,GNo,HYes,IN,JN,KY,LY,MN,NY,OY,PN,QY,RN,SY,TN,UN,VN,WN,XN,YY,ZY,AAY,ABY,ACY,ADY,AEN,AFY,AGN,AHN,Student
Male,23-30,EYes,FNo,GYes,HYes,IN,JM,KY,LN,MN,NN,ON,PN,QY,RY,SN,TY,UY,VY,WN,XY,YY,ZY,AAY,ABN,ACY,ADY,AEN,AFY,AGN,AHN,Student
Male,19-22,EYes,FMay be,GYes,HNo,IN,JM,KY,LY,MN,NY,OY,PN,QN,RY,SY,TN,UN,VN,WY,XY,YN,ZY,AAY,ABN,ACY,ADY,AEN,AFY,AGY,AHN,Student
Male,19-22,EYes,FYes,GYes,HNo,IM,JN,KY,LY,MN,NM,OY,PN,QN,RN,SM,TN,UN,VN,WY,XN,YN,ZY,AAY,ABM,ACY,ADM,AEY,AFY,AGM,AHN,Student
Male,19-22,EYes,FNo,GNo,HNo,IM,JM,KM,LN,MN,NN,OY,PN,QN,RY,SM,TN,UN,VM,WN,XN,YN,ZY,AAY,ABN,ACN,ADY,AEM,AFM,AGN,AHN,Student
Male,19-22,EYes,FYes,GNo,HNo,IN,JN,KY,LN,MN,NN,OY,PN,QN,RY,SN,TN,UN,VN,WN,XN,YN,ZY,AAY,ABY,ACY,ADY,AEY,AFY,AGN,AHN,Student
Male,23-30,EYes,FYes,GNo,HNo,IN,JY,KY,LN,MN,NY,OY,PN,QN,RY,SN,TN,UY,VY,WN,XN,YN,ZY,AAY,ABY,ACY,ADN,AEN,AFY,AGY,AHN,Student
Male,19-22,EMaybe,FNo,GYes,HNo,IN,JN,KM,LN,MN,NN,OY,PN,QN,RM,SM,TN,UN,VN,WN,XN,YN,ZY,AAY,ABN,ACM,ADY,AEN,AFY,AGM,AHN,Student
Male,19-22,EYes,FYes,GYes,HYes,IN,JN,KY,LY,MN,NN,ON,PY,QY,RN,SN,TY,UY,VN,WN,XY,YN,ZM,AAY,ABN,ACY,ADY,AEY,AFY,AGM,AHY,Student
Female,23-30,EYes,FNo,GMay be,HMay be,IN,JN,KY,LN,MN,NY,ON,PY,QN,RY,SN,TN,UY,VY,WY,XY,YY,ZY,AAY,ABY,ACN,ADY,AEY,AFY,AGY,AHY,Student
Female,19-22,ENo,FYes,GYes,HMay be,IN,JN,KY,LN,MN,NY,OY,PN,QN,RN,SN,TN,UN,VY,WY,XN,YY,ZY,AAY,ABN,ACY,ADY,AEN,AFY,AGN,AHN,Student
Male,23-30,EYes,FNo,GYes,HMay be,IM,JM,KY,LY,MN,NY,OY,PY,QY,RY,SY,TY,UY,VN,WN,XY,YY,ZY,AAY,ABY,ACY,ADY,AEN,AFY,AGY,AHY,Student
Female,19-22,EYes,FYes,GMay be,HYes,IM,JY,KY,LY,MN,NY,OY,PN,QN,RY,SN,TN,UY,VY,WN,XN,YY,ZY,AAY,ABN,ACY,ADY,AEN,AFY,AGN,AHY,Student
Female,19-22,EYes,FYes,GYes,HMay be,IYes,JN,KY,LN,MN,NY,ON,PM,QM,RY,SN,TM,UM,VN,WM,XY,YY,ZY,AAY,ABY,ACY,ADN,AEM,AFY,AGN,AHY,Student
Male,19-22,EYes,FNo,GYes,HNo,IN,JY,KY,LN,MN,NY,OY,PN,QN,RY,SN,TN,UN,VN,WM,XN,YN,ZY,AAY,ABY,ACY,ADY,AEY,AFY,AGN,AHN,Student
Male,23-30,EYes,FNo,GYes,HNo,IM,JM,KN,LN,MN,NN,OY,PN,QN,RY,SY,TN,UN,VM,WN,XN,YN,ZY,AAY,ABN,ACY,ADY,AEN,AFY,AGY,AHN,Student
Male,23-30,ENo,FNo,GNo,HNo,IN,JY,KY,LY,MN,NY,OY,PN,QN,RY,SY,TN,UN,VY,WN,XN,YN,ZY,AAY,ABN,ACY,ADY,AEY,AFY,AGN,AHN,Student
Male,23-30,EMaybe,FNo,GYes,HNo,IM,JY,KY,LM,MY,NM,OY,PN,QN,RY,SY,TN,UN,VY,WN,XN,YN,ZY,AAY,ABN,ACM,ADY,AEM,AFM,AGY,AHN,Student
Male,19-22,EYes,FYes,GNo,HNo,IN,JN,KY,LY,MN,NM,ON,PN,QY,RY,SY,TY,UY,VN,WY,XY,YY,ZN,AAY,ABY,ACN,ADY,AEN,AFY,AGY,AHM,Student
Male,19-22,EYes,FYes,GYes,HNo,IN,JN,KY,LN,MN,NY,OY,PN,QN,RM,SN,TY,UN,VN,WY,XY,YN,ZY,AAY,ABY,ACY,ADN,AEY,AFY,AGN,AHN,Student
Male,23-30,EYes,FYes,GNo,HNo,IYes,JN,KY,LN,MN,NN,ON,PN,QN,RY,SN,TN,UN,VN,WN,XN,YN,ZY,AAY,ABN,ACY,ADY,AEY,AFN,AGY,AHN,Student
Male,23-30,EYes,FMay be,GMay be,HNo,IN,JM,KY,LM,MN,NN,OY,PN,QN,RY,SN,TN,UN,VM,WN,XM,YM,ZN,AAY,ABY,ACY,ADY,AEY,AFY,AGN,AHN,Student
Male,23-30,EYes,FMay be,GNo,HNo,IN,JM,KM,LN,MN,NN,OY,PN,QN,RM,SN,TN,UN,VM,WN,XN,YN,ZM,AAY,ABN,ACY,ADY,AEN,AFM,AGY,AHN,Student
Female,19-22,EYes,FNo,GMay be,HNo,IN,JY,KY,LN,MN,NY,OY,PN,QN,RY,SY,TN,UN,VY,WN,XN,YN,ZY,AAY,ABY,ACY,ADY,AEN,AFY,AGN,AHN,Student
Male,19-22,EYes,FNo,GYes,HNo,IN,JN,KN,LN,MN,NY,OY,PN,QN,RY,SN,TN,UN,VN,WN,XN,YN,ZN,AAY,ABY,ACY,ADY,AEY,AFY,AGN,AHN,Student
Female,14-18,ENo,FMay be,GYes,HMay be,IYes,JY,KY,LN,MN,NM,OY,PN,QN,RY,SN,TM,UN,VM,WN,XM,YM,ZY,AAY,ABY,ACN,ADY,AEN,AFY,AGN,AHN,Student
Male,23-30,ENo,FNo,GYes,HNo,IN,JN,KN,LN,MN,NN,OY,PN,QN,RM,SM,TY,UN,VM,WN,XN,YN,ZY,AAY,ABN,ACN,ADY,AEY,AFM,AGN,AHN,Student
Female,19-22,EYes,FYes,GNo,HMay be,IYes,JY,KY,LY,MN,NM,OY,PY,QM,RN,SN,TM,UY,VY,WN,XM,YN,ZY,AAY,ABN,ACY,ADY,AEN,AFY,AGN,AHN,Student
Male,23-30,EYes,FNo,GNo,HNo,IN,JM,KY,LY,MN,NM,OY,PY,QY,RN,SY,TY,UN,VY,WN,XY,YN,ZY,AAY,ABN,ACY,ADN,AEY,AFY,AGY,AHN,Student
Male,23-30,EYes,FNo,GMay be,HYes,IM,JY,KY,LY,MN,NN,OY,PN,QN,RY,SM,TN,UN,VY,WN,XN,YM,ZY,AAY,ABN,ACY,ADY,AEN,AFY,AGN,AHM,Student
Male,19-22,ENo,FNo,GYes,HYes,IYes,JY,KY,LY,MN,NN,OY,PN,QN,RY,SY,TN,UY,VN,WN,XY,YN,ZY,AAY,ABN,ACN,ADM,AEY,AFY,AGN,AHN,Student
Female,19-22,EYes,FNo,GNo,HYes,IM,JM,KY,LY,MN,NY,OY,PN,QY,RY,SY,TM,UN,VM,WY,XN,YY,ZY,AAY,ABN,ACY,ADY,AEY,AFY,AGY,AHN,Student
Female,19-22,EMaybe,FNo,GMay be,HNo,IN,JM,KY,LN,MN,NY,OY,PN,QN,RM,SY,TN,UN,VY,WN,XN,YN,ZY,AAY,ABY,ACY,ADY,AEY,AFY,AGN,AHY,Student
Male,23-30,EYes,FYes,GYes,HNo,IM,JN,KY,LN,MN,NY,OY,PN,QN,RY,SN,TN,UN,VY,WN,XN,YN,ZY,AAY,ABN,ACY,ADY,AEY,AFM,AGN,AHY,Teacher
Male,19-22,EYes,FYes,GYes,HNo,IN,JY,KY,LN,MN,NN,OY,PN,QN,RY,SN,TN,UN,VN,WN,XN,YN,ZY,AAY,ABY,ACY,ADY,AEN,AFY,AGN,AHN,Student
Male,23-30,ENo,FNo,GYes,HYes,IN,JY,KY,LY,MY,NY,OY,PY,QY,RY,SY,TM,UM,VM,WM,XM,YM,ZM,AAM,ABM,ACM,ADM,AEM,AFM,AGY,AHY,Student
Female,19-22,ENo,FNo,GMay be,HNo,IN,JN,KY,LY,MN,NN,OY,PN,QN,RN,SM,TN,UN,VN,WM,XN,YN,ZY,AAY,ABY,ACY,ADY,AEY,AFY,AGY,AHN,Student
Male,23-30,EYes,FYes,GYes,HNo,IN,JY,KY,LN,MN,NN,OM,PN,QN,RY,SN,TY,UY,VN,WN,XN,YN,ZY,AAY,ABY,ACN,ADY,AEN,AFY,AGN,AHY,Student
Male,19-22,EYes,FNo,GYes,HNo,IN,JM,KY,LN,MN,NM,OY,PN,QN,RY,SM,TN,UN,VY,WN,XN,YN,ZY,AAY,ABY,ACY,ADY,AEN,AFY,AGY,AHN,Student
Female,19-22,EYes,FYes,GYes,HNo,IM,JN,KN,LN,MN,NN,OY,PN,QN,RY,SM,TN,UN,VY,WN,XY,YM,ZY,AAY,ABN,ACY,ADY,AEY,AFY,AGN,AHN,Student
Male,19-22,EYes,FYes,GYes,HNo,IN,JM,KY,LY,MN,NM,OY,PY,QM,RM,SN,TY,UY,VY,WN,XM,YN,ZN,AAY,ABY,ACY,ADY,AEN,AFY,AGY,AHM,Student
Male,23-30,EMaybe,FNo,GNo,HNo,IN,JY,KY,LN,MY,NM,OY,PN,QN,RY,SY,TN,UN,VY,WN,XN,YN,ZY,AAY,ABN,ACY,ADY,AEY,AFN,AGN,AHN,Student
Male,23-30,EYes,FNo,GYes,HNo,IN,JM,KY,LN,MN,NY,OY,PN,QN,RY,SN,TN,UY,VY,WN,XN,YN,ZM,AAY,ABN,ACM,ADY,AEY,AFY,AGN,AHN,Student
Male,23-30,ENo,FNo,GNo,HNo,IN,JN,KN,LN,MN,NN,ON,PN,QN,RN,SN,TN,UN,VN,WN,XN,YN,ZN,AAY,ABY,ACY,ADN,AEY,AFY,AGN,AHN,Student
Male,19-22,ENo,FYes,GMay be,HYes,IN,JY,KN,LN,MN,NY,OY,PY,QN,RY,SN,TY,UY,VN,WN,XM,YN,ZY,AAN,ABY,ACN,ADY,AEN,AFY,AGY,AHY,Student
Male,23-30,EYes,FYes,GYes,HNo,IN,JN,KN,LN,MN,NM,OM,PN,QN,RY,SN,TN,UN,VY,WN,XM,YN,ZY,AAY,ABN,ACN,ADY,AEN,AFY,AGN,AHN,Student
Male,23-30,EYes,FYes,GYes,HMay be,IM,JN,KY,LY,MN,NM,OY,PN,QM,RM,SN,TN,UM,VM,WM,XM,YM,ZY,AAN,ABN,ACY,ADY,AEY,AFY,AGY,AHY,Student
Male,23-30,EYes,FYes,GYes,HNo,IN,JN,KY,LN,MN,NN,OY,PY,QN,RY,SN,TN,UN,VY,WY,XN,YY,ZY,AAY,ABN,ACY,ADY,AEY,AFY,AGN,AHN,Student
Female,19-22,EYes,FYes,GMay be,HNo,IN,JM,KN,LN,MN,NN,ON,PN,QY,RN,SN,TN,UY,VN,WN,XY,YN,ZY,AAY,ABY,ACN,ADY,AEN,AFY,AGN,AHM,Student
Male,19-22,ENo,FNo,GMay be,HMay be,IM,JM,KY,LY,MN,NY,OY,PN,QM,RY,SY,TN,UM,VN,WN,XY,YN,ZY,AAY,ABN,ACM,ADY,AEY,AFM,AGM,AHM,Student
Male,19-22,ENo,FNo,GMay be,HNo,IN,JY,KM,LN,MN,NY,OY,PN,QN,RN,SY,TN,UM,VY,WY,XN,YN,ZY,AAY,ABY,ACY,ADY,AEM,AFY,AGY,AHN,Student
Female,23-30,EMaybe,FYes,GYes,HNo,IN,JM,KY,LN,MN,NM,OY,PN,QM,RM,SM,TN,UN,VY,WY,XN,YM,ZY,AAY,ABY,ACY,ADN,AEN,AFN,AGN,AHN,Student
Female,23-30,EYes,FMay be,GYes,HNo,IN,JN,KY,LN,MN,NM,OY,PN,QN,RN,SN,TN,UN,VN,WY,XN,YN,ZY,AAY,ABN,ACN,ADY,AEN,AFY,AGN,AHY,Student
Male,19-22,EMaybe,FMay be,GNo,HNo,IN,JY,KY,LY,MY,NN,OY,PN,QY,RN,SN,TY,UN,VN,WN,XY,YN,ZY,AAN,ABN,ACY,ADY,AEY,AFY,AGN,AHY,Student
Male,23-30,EMaybe,FMay be,GNo,HNo,IN,JY,KY,LY,MN,NY,OY,PN,QN,RY,SY,TN,UN,VY,WY,XN,YY,ZY,AAY,ABY,ACN,ADY,AEY,AFY,AGN,AHN,Student
Male,23-30,EYes,FYes,GNo,HNo,IN,JM,KY,LN,MN,NY,OY,PN,QN,RM,SN,TY,UY,VN,WY,XM,YM,ZY,AAY,ABN,ACN,ADY,AEN,AFY,AGY,AHN,Student
Male,19-22,EYes,FYes,GNo,HNo,IM,JN,KY,LN,MN,NY,OY,PY,QY,RM,SN,TM,UY,VY,WM,XN,YM,ZY,AAY,ABY,ACY,ADN,AEY,AFM,AGM,AHY,Student
Female,19-22,EYes,FNo,GMay be,HNo,IM,JN,KN,LN,MN,NN,OY,PN,QN,RM,SN,TN,UN,VY,WN,XN,YY,ZY,AAN,ABY,ACN,ADY,AEN,AFY,AGN,AHN,Student
Male,19-22,EYes,FMay be,GMay be,HNo,IN,JN,KY,LY,MN,NM,OY,PN,QN,RM,SN,TN,UN,VM,WN,XM,YN,ZY,AAY,ABN,ACY,ADY,AEN,AFY,AGY,AHN,Student
Male,19-22,EYes,FYes,GYes,HNo,IN,JN,KY,LN,MN,NN,OY,PN,QN,RN,SN,TN,UY,VN,WN,XY,YN,ZY,AAY,ABN,ACN,ADY,AEN,AFY,AGY,AHM,Student
Male,19-22,EYes,FNo,GNo,HNo,IN,JM,KM,LN,MN,NM,OY,PN,QN,RY,SM,TN,UN,VN,WN,XN,YN,ZY,AAY,ABY,ACN,ADY,AEN,AFY,AGN,AHN,Student
Female,19-22,EYes,FYes,GYes,HYes,IN,JN,KY,LY,MN,NY,OY,PN,QN,RM,SN,TN,UM,VM,WM,XM,YM,ZY,AAY,ABY,ACY,ADY,AEN,AFY,AGY,AHN,Student
Male,23-30,EYes,FNo,GYes,HNo,IM,JY,KY,LN,MN,NY,OY,PN,QN,RY,SN,TN,UY,VN,WY,XN,YN,ZY,AAY,ABY,ACN,ADY,AEY,AFY,AGN,AHN,Student
Male,19-22,EYes,FYes,GYes,HNo,IN,JY,KY,LY,MN,NY,OY,PN,QN,RY,SN,TN,UN,VN,WN,XY,YN,ZY,AAY,ABN,ACY,ADY,AEY,AFY,AGY,AHN,Student
Male,19-22,EYes,FNo,GNo,HNo,IN,JY,KY,LN,MN,NY,OY,PN,QY,RY,SY,TN,UN,VY,WY,XM,YY,ZY,AAY,ABY,ACY,ADY,AEY,AFY,AGY,AHY,Student
Male,23-30,EYes,FNo,GYes,HNo,IN,JN,KY,LN,MY,NN,OY,PN,QN,RY,SN,TN,UN,VN,WN,XN,YN,ZY,AAY,ABN,ACM,ADY,AEN,AFY,AGY,AHN,Student
Male,19-22,ENo,FNo,GMay be,HYes,IM,JY,KY,LN,MN,NM,OY,PN,QN,RY,SN,TN,UM,VY,WN,XN,YM,ZY,AAY,ABN,ACY,ADN,AEN,AFY,AGN,AHN,Student
Female,19-22,ENo,FNo,GNo,HNo,IN,JN,KY,LN,MN,NN,ON,PN,QN,RY,SN,TN,UN,VY,WY,XY,YN,ZN,AAY,ABY,ACY,ADY,AEN,AFY,AGY,AHY,Student
Male,23-30,ENo,FNo,GYes,HNo,IYes,JN,KN,LN,MY,NY,OY,PN,QY,RN,SN,TN,UY,VN,WY,XY,YN,ZY,AAY,ABY,ACM,ADY,AEN,AFN,AGN,AHN,Student
Male,19-22,EYes,FNo,GYes,HYes,IN,JY,KY,LN,MN,NN,OY,PN,QN,RY,SY,TN,UN,VN,WN,XN,YN,ZY,AAY,ABN,ACY,ADN,AEY,AFY,AGY,AHN,Student
Male,19-22,EMaybe,FNo,GMay be,HNo,IN,JN,KY,LN,MN,NM,OY,PN,QN,RY,SN,TM,UN,VY,WN,XM,YN,ZY,AAM,ABN,ACY,ADN,AEN,AFY,AGY,AHM,Student
Male,19-22,ENo,FYes,GNo,HMay be,IN,JN,KM,LN,MN,NM,OY,PN,QM,RM,SM,TN,UN,VM,WN,XN,YN,ZY,AAY,ABN,ACN,ADY,AEN,AFY,AGN,AHM,Student
Male,19-22,EYes,FYes,GMay be,HNo,IN,JN,KY,LN,MN,NN,OY,PM,QM,RY,SN,TN,UY,VN,WN,XM,YN,ZY,AAY,ABY,ACY,ADY,AEN,AFY,AGN,AHN,Student
Male,23-30,EYes,FYes,GMay be,HNo,IM,JN,KY,LN,MN,NY,OM,PN,QN,RY,SN,TY,UN,VN,WM,XN,YN,ZY,AAY,ABM,ACY,ADY,AEM,AFM,AGN,AHN,Student
Female,23-30,EYes,FNo,GYes,HNo,IM,JM,KY,LN,MN,NN,OY,PY,QY,RY,SY,TN,UN,VY,WY,XN,YY,ZY,AAY,ABN,ACY,ADY,AEY,AFY,AGN,AHN,Student
Male,23-30,ENo,FYes,GNo,HNo,IM,JM,KY,LY,MN,NY,OM,PN,QN,RY,SN,TY,UY,VN,WM,XY,YN,ZY,AAY,ABN,ACN,ADN,AEN,AFY,AGN,AHN,Student
Male,23-30,ENo,FNo,GMay be,HMay be,IN,JM,KY,LN,MM,NN,OY,PN,QN,RY,SM,TM,UY,VY,WN,XY,YN,ZY,AAY,ABN,ACY,ADY,AEM,AFM,AGY,AHN,Student
Female,23-30,EYes,FNo,GNo,HNo,IN,JY,KY,LY,MY,NN,ON,PN,QY,RY,SY,TN,UN,VY,WN,XN,YN,ZY,AAY,ABN,ACY,ADY,AEN,AFN,AGY,AHY,Student
Female,23-30,ENo,FNo,GYes,HNo,IN,JN,KY,LN,MN,NY,ON,PY,QY,RY,SM,TY,UY,VN,WN,XY,YN,ZY,AAY,ABM,ACM,ADN,AEM,AFM,AGN,AHN,Student
Male,23-30,ENo,FNo,GMay be,HNo,IM,JY,KY,LM,MN,NY,OY,PN,QN,RM,SY,TM,UM,VY,WN,XM,YN,ZM,AAY,ABY,ACY,ADY,AEM,AFY,AGN,AHM,Student
Male,19-22,EYes,FMay be,GMay be,HNo,IM,JN,KY,LY,MN,NM,ON,PY,QN,RN,SY,TY,UY,VY,WN,XY,YY,ZY,AAY,ABY,ACY,ADY,AEY,AFY,AGY,AHN,Student
Male,23-30,ENo,FNo,GNo,HYes,IN,JY,KY,LN,MY,NN,OY,PN,QY,RY,SN,TN,UN,VY,WN,XN,YY,ZY,AAY,ABY,ACY,ADY,AEY,AFY,AGY,AHN,Student
Female,23-30,EYes,FMay be,GYes,HNo,IYes,JY,KY,LN,MN,NN,OY,PN,QN,RY,SN,TN,UN,VM,WN,XN,YN,ZY,AAY,ABN,ACN,ADY,AEY,AFY,AGN,AHN,Student
Male,23-30,EYes,FMay be,GMay be,HNo,IYes,JY,KM,LN,MN,NM,OY,PM,QM,RY,SM,TN,UN,VM,WN,XM,YY,ZY,AAY,ABN,ACY,ADY,AEY,AFM,AGN,AHN,Student
Male,23-30,ENo,FNo,GYes,HYes,IYes,JY,KY,LY,MY,NY,ON,PY,QN,RY,SN,TY,UY,VY,WY,XY,YN,ZY,AAM,ABY,ACY,ADY,AEY,AFY,AGY,AHM,Student
Female,19-22,EYes,FMay be,GNo,HYes,IYes,JN,KY,LY,MN,NY,ON,PN,QM,RY,SM,TN,UN,VN,WY,XN,YY,ZY,AAY,ABY,ACM,ADY,AEY,AFY,AGM,AHN,Student
Male,23-30,EYes,FNo,GNo,HNo,IN,JN,KY,LN,MN,NN,OY,PY,QN,RY,SY,TY,UY,VY,WY,XY,YY,ZY,AAY,ABN,ACY,ADY,AEN,AFY,AGN,AHY,Student
Male,19-22,ENo,FNo,GYes,HNo,IN,JM,KY,LY,MN,NN,OY,PN,QY,RY,SN,TN,UN,VN,WN,XM,YN,ZY,AAY,ABN,ACY,ADY,AEN,AFY,AGY,AHN,Student
Female,14-18,EYes,FMay be,GYes,HMay be,IYes,JM,KM,LY,MN,NM,OY,PN,QM,RM,SM,TN,UM,VM,WM,XN,YY,ZM,AAN,ABY,ACN,ADN,AEN,AFY,AGY,AHM,Student
Female,19-22,EYes,FYes,GYes,HNo,IN,JM,KY,LY,MN,NM,OY,PN,QN,RM,SN,TN,UN,VM,WN,XN,YN,ZY,AAY,ABY,ACY,ADY,AEN,AFY,AGM,AHN,Student
Male,19-22,EYes,FNo,GYes,HNo,IM,JN,KY,LY,MN,NM,OY,PN,QN,RY,SY,TN,UN,VY,WN,XN,YN,ZY,AAY,ABY,ACN,ADY,AEN,AFY,AGY,AHN,Student
Female,19-22,EYes,FNo,GYes,HNo,IN,JM,KY,LN,MN,NN,OY,PN,QN,RM,SN,TN,UN,VY,WN,XM,YN,ZY,AAN,ABY,ACN,ADN,AEY,AFY,AGN,AHN,Student
Male,19-22,EYes,FYes,GNo,HNo,IN,JN,KY,LM,MN,NY,OM,PY,QY,RY,SN,TY,UY,VN,WN,XN,YN,ZY,AAY,ABY,ACY,ADY,AEN,AFY,AGY,AHN,Student
Female,19-22,EYes,FMay be,GYes,HNo,IN,JM,KY,LN,MN,NY,ON,PN,QN,RM,SN,TN,UM,VY,WN,XY,YN,ZY,AAY,ABN,ACM,ADY,AEN,AFY,AGY,AHN,Student
Male,19-22,EYes,FYes,GMay be,HYes,IM,JM,KY,LN,MN,NY,OY,PN,QN,RM,SM,TN,UN,VY,WN,XN,YM,ZY,AAY,ABY,ACY,ADN,AEN,AFY,AGY,AHN,Student
Male,19-22,EYes,FNo,GMay be,HNo,IM,JM,KY,LY,MN,NN,OY,PN,QN,RM,SN,TM,UN,VM,WN,XN,YM,ZY,AAY,ABY,ACN,ADM,AEM,AFY,AGY,AHM,Student
Male,23-30,EYes,FNo,GYes,HNo,IN,JY,KY,LM,MM,NN,OY,PN,QN,RY,SY,TN,UN,VY,WN,XN,YN,ZY,AAY,ABY,ACY,ADY,AEY,AFY,AGN,AHN,Student
Male,23-30,ENo,FNo,GYes,HNo,IN,JN,KY,LN,MN,NY,OY,PY,QY,RY,SN,TY,UY,VY,WY,XM,YY,ZM,AAY,ABN,ACY,ADY,AEY,AFN,AGN,AHN,Student
Male,19-22,EYes,FNo,GYes,HNo,IN,JN,KM,LY,MN,NY,OY,PN,QN,RY,SN,TN,UN,VN,WN,XY,YN,ZN,AAN,ABN,ACY,ADY,AEY,AFN,AGN,AHM,Student
Female,19-22,EYes,FYes,GNo,HNo,IN,JN,KY,LN,MN,NN,OY,PN,QN,RM,SM,TN,UN,VM,WN,XN,YN,ZY,AAY,ABY,ACM,ADY,AEM,AFY,AGN,AHN,Student
Female,19-22,EYes,FYes,GYes,HNo,IYes,JM,KY,LN,MN,NY,OY,PY,QY,RN,SN,TM,UN,VY,WY,XN,YN,ZY,AAY,ABN,ACN,ADY,AEN,AFM,AGM,AHN,Student
Male,23-30,EYes,FNo,GMay be,HNo,IN,JN,KY,LN,MN,NN,OY,PN,QN,RY,SN,TM,UN,VY,WN,XM,YN,ZY,AAN,ABN,ACN,ADN,AEY,AFM,AGN,AHN,Student
Male,19-22,ENo,FNo,GNo,HMay be,IM,JM,KN,LN,MY,NN,OY,PY,QY,RM,SN,TY,UY,VN,WN,XY,YY,ZY,AAY,ABY,ACY,ADN,AEN,AFY,AGN,AHY,Student
Male,19-22,EMaybe,FNo,GNo,HNo,IN,JY,KN,LN,MN,NN,OY,PY,QN,RM,SN,TN,UN,VY,WN,XN,YN,ZY,AAY,ABN,ACY,ADY,AEN,AFY,AGN,AHN,Student
Female,19-22,EYes,FMay be,GYes,HNo,IN,JM,KY,LN,MN,NN,OY,PN,QY,RY,SN,TM,UM,VY,WN,XN,YN,ZY,AAY,ABN,ACY,ADY,AEN,AFY,AGN,AHN,Student
Male,23-30,EYes,FYes,GMay be,HNo,IN,JN,KY,LN,MN,NY,OY,PN,QN,RY,SY,TN,UN,VY,WN,XM,YM,ZY,AAY,ABM,ACY,ADY,AEY,AFY,AGN,AHN,Student
Female,19-22,ENo,FNo,GNo,HYes,IYes,JM,KY,LY,MN,NY,OY,PN,QN,RY,SY,TN,UY,VY,WY,XN,YY,ZY,AAN,ABN,ACY,ADY,AEN,AFY,AGN,AHY,Student
Female,19-22,EYes,FYes,GYes,HNo,IN,JY,KY,LN,MN,NN,OY,PN,QN,RY,SN,TN,UN,VY,WY,XN,YY,ZY,AAY,ABY,ACY,ADY,AEY,AFY,AGY,AHN,Student
Male,23-30,EYes,FNo,GMay be,HNo,IN,JN,KY,LY,MY,NY,OY,PN,QN,RY,SN,TN,UM,VY,WN,XM,YN,ZY,AAY,ABY,ACY,ADY,AEY,AFY,AGN,AHN,Student
Male,23-30,EYes,FYes,GNo,HNo,IN,JN,KY,LN,MN,NM,OM,PN,QM,RM,SM,TM,UM,VN,WN,XM,YN,ZM,AAY,ABM,ACN,ADY,AEN,AFM,AGN,AHN,Student
Female,19-22,EMaybe,FYes,GYes,HNo,IM,JM,KY,LY,MN,NY,OY,PY,QM,RM,SM,TM,UN,VY,WN,XY,YM,ZY,AAY,ABN,ACY,ADY,AEY,AFY,AGN,AHN,Student
Male,19-22,EYes,FYes,GMay be,HNo,IN,JN,KY,LN,MN,NY,OY,PN,QN,RY,SN,TN,UN,VY,WY,XN,YN,ZY,AAY,ABY,ACY,ADY,AEY,AFY,AGY,AHN,Student
Female,19-22,EMaybe,FYes,GYes,HYes,IM,JY,KM,LN,MN,NY,OY,PN,QY,RY,SY,TM,UY,VY,WY,XY,YY,ZN,AAY,ABY,ACM,ADY,AEY,AFY,AGY,AHY,Student
Female,23-30,EYes,FYes,GYes,HNo,IN,JM,KY,LN,MN,NN,OY,PN,QN,RN,SN,TN,UN,VY,WN,XN,YN,ZY,AAY,ABY,ACN,ADY,AEN,AFY,AGN,AHN,Student
Male,19-22,EYes,FMay be,GYes,HNo,IM,JM,KM,LY,MN,NY,ON,PN,QY,RM,SN,TY,UY,VN,WN,XY,YM,ZN,AAN,ABY,ACN,ADY,AEY,AFY,AGY,AHY,Student
Male,23-30,EYes,FYes,GMay be,HNo,IM,JY,KN,LN,MN,NN,OY,PN,QN,RM,SM,TN,UN,VN,WN,XN,YN,ZY,AAY,ABN,ACY,ADY,AEY,AFM,AGN,AHN,Student
Female,19-22,EYes,FMay be,GYes,HMay be,IM,JN,KY,LY,MN,NN,OY,PN,QN,RM,SN,TM,UY,VY,WM,XN,YY,ZY,AAN,ABN,ACY,ADY,AEY,AFY,AGM,AHN,Student
Female,19-22,EYes,FMay be,GNo,HNo,IN,JM,KY,LN,MN,NN,OY,PN,QN,RY,SN,TN,UM,VN,WN,XN,YN,ZY,AAY,ABN,ACM,ADY,AEN,AFY,AGY,AHN,Student
Female,19-22,EYes,FYes,GNo,HNo,IM,JM,KY,LN,MN,NN,OY,PN,QM,RM,SM,TM,UM,VM,WN,XM,YM,ZM,AAY,ABY,ACM,ADY,AEM,AFY,AGN,AHN,Student
Male,23-30,EMaybe,FNo,GYes,HNo,IN,JN,KM,LY,MN,NY,OY,PY,QN,RN,SN,TY,UY,VN,WY,XY,YY,ZY,AAY,ABY,ACY,ADN,AEY,AFY,AGN,AHY,Student
Male,23-30,EYes,FYes,GYes,HYes,IN,JM,KY,LN,MY,NY,OY,PN,QN,RY,SN,TN,UN,VY,WN,XN,YN,ZY,AAY,ABY,ACY,ADN,AEY,AFY,AGN,AHN,Student
Female,19-22,EYes,FMay be,GNo,HNo,IN,JM,KY,LY,MN,NM,OY,PM,QM,RM,SN,TM,UN,VM,WN,XM,YM,ZY,AAY,ABY,ACM,ADN,AEN,AFY,AGY,AHN,Student
Male,23-30,ENo,FYes,GMay be,HMay be,IYes,JN,KM,LN,MN,NY,OY,PN,QN,RY,SN,TN,UM,VN,WN,XM,YM,ZY,AAY,ABN,ACN,ADY,AEY,AFY,AGY,AHN,Student
Male,14-18,EYes,FYes,GNo,HNo,IN,JN,KY,LN,MN,NY,OY,PN,QN,RM,SN,TN,UN,VY,WN,XY,YN,ZY,AAY,ABY,ACN,ADY,AEY,AFY,AGY,AHN,Engineer
Female,19-22,EYes,FMay be,GYes,HMay be,IM,JM,KY,LY,MN,NY,OY,PN,QN,RY,SM,TM,UM,VM,WM,XM,YM,ZY,AAY,ABN,ACY,ADN,AEY,AFY,AGY,AHY,Student
Male,19-22,ENo,FNo,GNo,HNo,IN,JN,KN,LN,MY,NM,OY,PN,QN,RM,SN,TN,UN,VN,WN,XN,YN,ZY,AAN,ABY,ACN,ADN,AEY,AFN,AGN,AHN,Student
Female,23-30,EYes,FNo,GNo,HNo,IM,JN,KY,LN,MN,NM,OY,PN,QN,RY,SN,TM,UM,VN,WN,XM,YM,ZY,AAY,ABY,ACM,ADY,AEM,AFM,AGN,AHY,Student
Male,19-22,EMaybe,FNo,GMay be,HNo,IN,JN,KY,LN,MN,NY,OY,PN,QM,RM,SN,TN,UN,VN,WN,XY,YM,ZY,AAY,ABY,ACY,ADY,AEY,AFY,AGN,AHN,Student
Female,19-22,ENo,FNo,GYes,HNo,IN,JM,KN,LN,MY,NN,OY,PN,QN,RY,SY,TN,UN,VY,WN,XM,YY,ZY,AAN,ABM,ACN,ADY,AEY,AFY,AGN,AHN,Student
Male,19-22,EYes,FNo,GMay be,HNo,IN,JN,KY,LM,MN,NY,OY,PN,QN,RM,SY,TN,UM,VY,WN,XN,YN,ZY,AAY,ABM,ACM,ADY,AEN,AFY,AGY,AHN,Student
Male,23-30,EYes,FYes,GMay be,HNo,IN,JN,KY,LN,MN,NY,OY,PN,QN,RY,SM,TY,UY,VN,WN,XM,YN,ZY,AAY,ABN,ACN,ADY,AEN,AFY,AGN,AHN,Student
Female,19-22,EYes,FNo,GYes,HNo,IN,JN,KY,LN,MN,NY,OY,PN,QN,RY,SY,TN,UN,VY,WN,XN,YN,ZY,AAY,ABY,ACN,ADY,AEN,AFY,AGY,AHY,Student
Male,23-30,EYes,FYes,GMay be,HNo,IM,JY,KM,LN,MN,NN,OY,PN,QN,RY,SY,TM,UN,VN,WN,XN,YN,ZY,AAY,ABM,ACY,ADY,AEY,AFY,AGN,AHN,Student
Male,19-22,ENo,FNo,GNo,HMay be,IN,JN,KM,LN,MY,NN,OY,PN,QY,RY,SN,TY,UN,VN,WN,XY,YM,ZY,AAY,ABN,ACY,ADY,AEY,AFY,AGN,AHN,Student
Male,23-30,EYes,FYes,GYes,HNo,IYes,JY,KY,LN,MY,NY,OM,PY,QY,RY,SN,TY,UY,VY,WN,XY,YN,ZY,AAY,ABY,ACY,ADN,AEY,AFY,AGY,AHY,Student
Male,19-22,EYes,FYes,GMay be,HYes,IM,JM,KY,LN,MN,NN,OY,PM,QN,RM,SN,TN,UM,VY,WY,XN,YN,ZY,AAN,ABM,ACM,ADY,AEN,AFN,AGN,AHN,Student
Male,19-22,EMaybe,FYes,GMay be,HNo,IN,JM,KY,LY,MY,NM,OY,PN,QN,RY,SY,TN,UN,VY,WN,XN,YN,ZY,AAY,ABM,ACN,ADN,AEY,AFM,AGN,AHY,Student
Male,23-30,EYes,FYes,GMay be,HNo,IN,JN,KM,LN,MN,NM,OY,PN,QN,RY,SN,TN,UN,VM,WY,XN,YN,ZY,AAY,ABM,ACM,ADY,AEY,AFY,AGN,AHY,Student
Female,23-30,EYes,FMay be,GMay be,HNo,IN,JM,KY,LN,MN,NN,OY,PN,QN,RM,SY,TN,UN,VY,WM,XN,YM,ZY,AAM,ABY,ACM,ADY,AEN,AFY,AGY,AHN,Student
Male,23-30,ENo,FNo,GNo,HNo,IM,JM,KM,LY,MN,NM,ON,PN,QY,RY,SY,TY,UY,VY,WN,XY,YN,ZY,AAY,ABN,ACY,ADY,AEN,AFY,AGN,AHN,Student
Female,19-22,EYes,FMay be,GYes,HYes,IM,JM,KY,LN,MN,NM,OY,PY,QN,RM,SM,TY,UN,VY,WM,XM,YN,ZY,AAN,ABY,ACM,ADY,AEN,AFY,AGN,AHM,Student
Female,19-22,EYes,FYes,GYes,HYes,IM,JM,KY,LY,MN,NY,OY,PN,QN,RY,SY,TN,UN,VY,WY,XY,YY,ZY,AAM,ABY,ACY,ADN,AEN,AFY,AGM,AHM,Student
Male,23-30,EYes,FNo,GYes,HYes,IYes,JN,KY,LN,MN,NN,ON,PN,QN,RN,SN,TY,UY,VN,WN,XY,YN,ZY,AAY,ABY,ACN,ADY,AEY,AFY,AGN,AHY,Student
Male,23-30,EYes,FYes,GYes,HNo,IM,JM,KY,LN,MN,NY,OY,PY,QM,RY,SN,TM,UY,VN,WN,XY,YN,ZY,AAY,ABY,ACY,ADY,AEN,AFY,AGY,AHN,Student
Male,23-30,EYes,FMay be,GYes,HNo,IN,JM,KY,LN,MM,NY,OY,PN,QN,RM,SN,TN,UN,VM,WN,XN,YN,ZY,AAY,ABY,ACY,ADY,AEY,AFM,AGM,AHN,Student
Male,19-22,EYes,FMay be,GNo,HNo,IN,JM,KY,LN,MN,NY,OY,PN,QN,RY,SN,TN,UN,VY,WN,XN,YN,ZY,AAY,ABY,ACY,ADY,AEN,AFY,AGN,AHN,Student
Female,19-22,EYes,FYes,GYes,HNo,IM,JN,KY,LN,MN,NY,OY,PN,QM,RY,SN,TN,UN,VM,WN,XN,YM,ZY,AAY,ABM,ACM,ADY,AEN,AFY,AGN,AHN,Student
Female,19-22,EYes,FMay be,GYes,HNo,IM,JM,KY,LN,MM,NN,OY,PN,QN,RY,SN,TM,UY,VY,WN,XM,YM,ZY,AAY,ABY,ACY,ADY,AEY,AFY,AGN,AHN,Student
Male,23-30,ENo,FNo,GMay be,HNo,IN,JN,KY,LY,MM,NY,OY,PY,QY,RY,SN,TY,UY,VY,WN,XY,YN,ZM,AAY,ABM,ACY,ADY,AEN,AFY,AGN,AHM,Student
Female,19-22,EYes,FNo,GYes,HNo,IN,JY,KY,LN,MN,NY,OY,PN,QN,RY,SN,TN,UN,VY,WN,XN,YN,ZY,AAY,ABY,ACM,ADY,AEN,AFY,AGN,AHN,Student
Male,19-22,EYes,FYes,GYes,HNo,IN,JN,KN,LN,MN,NN,OM,PN,QY,RY,SN,TY,UY,VN,WN,XY,YM,ZY,AAY,ABN,ACY,ADY,AEY,AFY,AGN,AHY,Student
Male,23-30,EYes,FYes,GYes,HNo,IN,JN,KY,LN,MN,NM,OY,PN,QN,RM,SN,TM,UM,VY,WN,XY,YN,ZY,AAY,ABY,ACM,ADY,AEY,AFM,AGY,AHM,Student
Female,19-22,EYes,FYes,GYes,HNo,IM,JN,KY,LN,MN,NN,OY,PN,QN,RM,SN,TN,UN,VY,WN,XN,YN,ZY,AAY,ABY,ACY,ADY,AEN,AFY,AGN,AHY,Student
Male,23-30,EYes,FYes,GYes,HNo,IN,JY,KY,LY,MN,NY,OY,PN,QN,RY,SN,TN,UN,VY,WN,XN,YN,ZY,AAY,ABN,ACY,ADN,AEN,AFY,AGN,AHN,Student
Male,14-18,EYes,FYes,GMay be,HMay be,IN,JN,KY,LY,MN,NN,OM,PN,QM,RN,SN,TM,UN,VN,WM,XM,YM,ZY,AAY,ABN,ACY,ADY,AEY,AFY,AGY,AHM,Student
Male,23-30,ENo,FMay be,GMay be,HNo,IN,JM,KM,LN,MN,NM,OY,PN,QN,RY,SY,TN,UN,VM,WN,XN,YN,ZY,AAN,ABM,ACN,ADY,AEN,AFY,AGM,AHN,Student
Male,19-22,ENo,FNo,GMay be,HNo,IN,JN,KY,LN,MN,NN,OY,PN,QM,RY,SM,TN,UN,VM,WN,XN,YN,ZY,AAY,ABY,ACY,ADY,AEN,AFY,AGM,AHN,Student
Male,23-30,EMaybe,FNo,GYes,HYes,IN,JN,KY,LY,MM,NY,OY,PY,QM,RY,SN,TY,UY,VY,WN,XY,YY,ZY,AAY,ABN,ACY,ADY,AEY,AFY,AGY,AHY,Student
Male,23-30,EYes,FYes,GNo,HNo,IN,JN,KM,LN,MN,NY,OY,PY,QM,RN,SN,TM,UY,VN,WN,XY,YN,ZY,AAY,ABN,ACY,ADY,AEN,AFY,AGY,AHY,Student
Male,19-22,EYes,FYes,GYes,HMay be,IYes,JM,KY,LN,MM,NN,ON,PN,QM,RY,SN,TY,UY,VM,WY,XM,YM,ZY,AAY,ABY,ACY,ADY,AEN,AFY,AGY,AHY,Student
Male,19-22,EYes,FYes,GYes,HNo,IN,JN,KY,LN,MN,NM,ON,PN,QN,RY,SN,TN,UM,VY,WN,XM,YN,ZY,AAY,ABN,ACY,ADY,AEN,AFY,AGM,AHN,Student
Female,19-22,EYes,FYes,GNo,HNo,IM,JN,KY,LN,MN,NN,OY,PN,QN,RM,SN,TN,UN,VM,WN,XN,YM,ZY,AAY,ABY,ACY,ADN,AEY,AFY,AGY,AHN,Student
Female,19-22,EYes,FNo,GYes,HNo,IM,JY,KY,LN,MN,NM,OY,PN,QN,RY,SY,TN,UN,VY,WN,XY,YN,ZY,AAY,ABM,ACN,ADY,AEN,AFY,AGM,AHN,Student
Male,19-22,EMaybe,FYes,GMay be,HNo,IN,JN,KM,LN,MY,NN,OY,PN,QN,RN,SN,TN,UM,VM,WN,XN,YN,ZY,AAY,ABY,ACY,ADY,AEY,AFY,AGN,AHN,Student
Female,23-30,EYes,FMay be,GNo,HNo,IN,JN,KY,LY,MN,NM,OY,PN,QN,RY,SN,TN,UN,VY,WN,XN,YN,ZY,AAY,ABY,ACY,ADY,AEN,AFM,AGN,AHN,Student
Female,23-30,ENo,FYes,GNo,HNo,IYes,JN,KM,LN,MN,NM,OY,PN,QN,RM,SM,TN,UN,VM,WM,XM,YM,ZY,AAY,ABY,ACY,ADY,AEY,AFM,AGY,AHN,Student
Male,19-22,EYes,FYes,GMay be,HNo,IN,JN,KY,LY,MN,NN,OY,PN,QN,RM,SN,TN,UN,VN,WN,XN,YN,ZY,AAN,ABY,ACN,ADY,AEN,AFM,AGY,AHN,Student
Male,23-30,EYes,FYes,GNo,HNo,IN,JN,KN,LN,MN,NY,OY,PN,QN,RY,SY,TN,UN,VY,WN,XN,YN,ZY,AAY,ABN,ACY,ADY,AEY,AFN,AGN,AHN,Student
Male,19-22,EMaybe,FYes,GYes,HNo,IN,JN,KY,LY,MN,NN,OY,PN,QN,RM,SN,TN,UN,VY,WN,XN,YN,ZY,AAY,ABY,ACY,ADY,AEY,AFY,AGY,AHN,Student
Male,19-22,EYes,FYes,GYes,HNo,IM,JN,KY,LY,MN,NM,OY,PN,QN,RY,SY,TN,UN,VN,WN,XN,YM,ZY,AAY,ABN,ACY,ADY,AEY,AFY,AGY,AHN,Student
Female,23-30,EYes,FNo,GNo,HNo,IM,JM,KY,LN,MN,NY,OY,PN,QN,RY,SY,TN,UN,VY,WY,XN,YY,ZY,AAY,ABN,ACY,ADN,AEY,AFY,AGN,AHN,Student
Male,19-22,EYes,FYes,GYes,HYes,IN,JM,KY,LY,MN,NM,OY,PN,QN,RY,SN,TN,UN,VY,WN,XN,YN,ZY,AAY,ABY,ACY,ADY,AEN,AFY,AGY,AHN,Student
Male,19-22,EMaybe,FMay be,GYes,HNo,IN,JN,KN,LN,MN,NN,ON,PY,QN,RM,SM,TM,UM,VM,WY,XY,YN,ZY,AAN,ABN,ACM,ADM,AEM,AFN,AGN,AHM,Student
Male,23-30,ENo,FNo,GNo,HNo,IN,JN,KM,LN,MN,NY,OY,PN,QN,RM,SM,TN,UY,VM,WY,XN,YN,ZM,AAY,ABN,ACY,ADY,AEY,AFN,AGY,AHN,Student
Male,19-22,EYes,FNo,GNo,HMay be,IM,JY,KY,LN,MN,NY,OY,PN,QN,RY,SM,TN,UN,VY,WN,XN,YM,ZY,AAY,ABY,ACN,ADN,AEN,AFY,AGN,AHN,Student
Male,19-22,ENo,FYes,GNo,HNo,IN,JM,KY,LN,MN,NM,OY,PN,QN,RM,SN,TN,UM,VM,WM,XY,YN,ZY,AAN,ABN,ACN,ADY,AEN,AFY,AGN,AHN,Student
Male,19-22,EYes,FYes,GYes,HNo,IM,JM,KY,LN,MN,NY,OY,PN,QM,RY,SN,TY,UM,VM,WN,XM,YY,ZY,AAM,ABY,ACM,ADY,AEY,AFY,AGY,AHM,Student
Male,31-50,EYes,FNo,GNo,HNo,IN,JN,KN,LN,MN,NY,OY,PY,QY,RY,SY,TY,UY,VY,WN,XN,YY,ZY,AAY,ABY,ACY,ADY,AEY,AFY,AGY,AHN,Student
Male,23-30,EMaybe,FYes,GNo,HYes,IYes,JY,KY,LY,MY,NN,ON,PY,QY,RN,SY,TY,UY,VN,WY,XY,YY,ZN,AAN,ABN,ACN,ADN,AEN,AFN,AGN,AHY,Student
Male,19-22,EYes,FYes,GYes,HNo,IN,JN,KY,LY,MN,NY,OY,PM,QM,RM,SN,TY,UM,VY,WN,XY,YN,ZY,AAY,ABN,ACY,ADY,AEN,AFY,AGY,AHY,Student
Male,19-22,EYes,FNo,GYes,HYes,IYes,JN,KY,LN,MN,NY,OY,PY,QM,RY,SM,TN,UY,VY,WN,XY,YN,ZY,AAY,ABN,ACY,ADY,AEY,AFY,AGY,AHM,Student
Male,19-22,EMaybe,FYes,GMay be,HNo,IN,JN,KY,LM,MN,NN,OY,PN,QN,RM,SN,TN,UN,VY,WN,XM,YM,ZY,AAY,ABY,ACY,ADN,AEN,AFY,AGY,AHN,Student
Female,19-22,ENo,FNo,GNo,HNo,IN,JM,KY,LN,MY,NY,OY,PN,QN,RY,SY,TN,UM,VY,WN,XM,YN,ZY,AAN,ABY,ACY,ADY,AEN,AFN,AGY,AHN,Student
Male,19-22,EMaybe,FMay be,GYes,HNo,IM,JN,KY,LY,MN,NY,OY,PN,QY,RY,SN,TY,UY,VY,WY,XY,YY,ZY,AAY,ABY,ACY,ADY,AEY,AFY,AGN,AHY,Student
Male,19-22,EYes,FNo,GYes,HYes,IN,JN,KM,LN,MN,NN,OY,PN,QN,RY,SY,TN,UN,VY,WN,XM,YN,ZY,AAY,ABN,ACN,ADY,AEN,AFY,AGN,AHN,Student
Male,19-22,EYes,FYes,GMay be,HYes,IN,JM,KY,LN,MM,NM,OY,PN,QY,RY,SY,TM,UN,VM,WY,XN,YY,ZM,AAN,ABN,ACY,ADY,AEY,AFY,AGM,AHM,Student
Male,19-22,EYes,FNo,GYes,HNo,IN,JN,KY,LN,MY,NN,OY,PN,QN,RN,SY,TN,UN,VN,WN,XN,YN,ZY,AAY,ABN,ACY,ADY,AEY,AFN,AGN,AHN,Student
Female,23-30,EYes,FNo,GYes,HNo,IN,JY,KY,LM,MY,NM,OY,PN,QN,RY,SY,TN,UN,VM,WM,XY,YN,ZY,AAY,ABN,ACY,ADN,AEY,AFY,AGN,AHN,Student
Female,19-22,EYes,FNo,GNo,HNo,IN,JM,KM,LN,MN,NN,OY,PN,QN,RM,SM,TN,UN,VY,WN,XN,YN,ZY,AAY,ABN,ACY,ADY,AEN,AFY,AGY,AHN,Student
Female,19-22,EMaybe,FNo,GYes,HNo,IN,JM,KY,LN,MN,NY,OY,PN,QN,RM,SY,TN,UN,VY,WN,XN,YY,ZY,AAN,ABN,ACY,ADY,AEN,AFY,AGY,AHN,Student
Male,19-22,EYes,FYes,GNo,HNo,IN,JN,KY,LM,MN,NN,OY,PY,QM,RY,SN,TY,UY,VN,WN,XM,YN,ZY,AAY,ABN,ACY,ADM,AEY,AFY,AGY,AHN,Student
Male,19-22,ENo,FNo,GNo,HNo,IM,JY,KY,LY,MN,NN,OY,PN,QY,RY,SY,TN,UN,VY,WN,XN,YY,ZY,AAN,ABN,ACY,ADY,AEY,AFY,AGN,AHN,Student
Male,19-22,EYes,FYes,GYes,HNo,IN,JM,KY,LN,MN,NM,OY,PY,QM,RY,SN,TM,UM,VY,WN,XM,YN,ZY,AAY,ABN,ACY,ADY,AEY,AFY,AGN,AHN,Student
Male,19-22,EYes,FNo,GMay be,HNo,IN,JN,KM,LN,MN,NM,OY,PN,QN,RN,SN,TN,UN,VY,WN,XN,YN,ZY,AAY,ABY,ACY,ADY,AEY,AFY,AGN,AHN,Student
Male,19-22,ENo,FYes,GNo,HNo,IYes,JN,KY,LY,MN,NN,ON,PY,QM,RY,SN,TY,UM,VN,WY,XY,YY,ZY,AAN,ABY,ACN,ADN,AEN,AFY,AGM,AHY,Student
Male,19-22,EYes,FYes,GMay be,HNo,IN,JM,KY,LY,MN,NY,OY,PN,QN,RY,SY,TN,UN,VN,WN,XN,YN,ZY,AAY,ABN,ACY,ADY,AEY,AFY,AGN,AHN,Student
Female,19-22,EYes,FYes,GYes,HNo,IN,JN,KY,LN,MN,NN,OY,PN,QN,RM,SN,TN,UN,VY,WN,XN,YN,ZY,AAY,ABY,ACM,ADY,AEN,AFY,AGN,AHN,Student
Male,23-30,EYes,FNo,GYes,HNo,IN,JN,KY,LY,MN,NN,OY,PN,QN,RN,SN,TN,UN,VN,WY,XN,YN,ZY,AAY,ABN,ACY,ADY,AEY,AFY,AGN,AHN,Student
Female,19-22,ENo,FNo,GNo,HNo,IN,JN,KY,LN,MN,NY,ON,PN,QN,RN,SN,TN,UN,VN,WN,XN,YN,ZY,AAY,ABN,ACN,ADN,AEN,AFM,AGN,AHN,Student
Male,19-22,EYes,FYes,GMay be,HNo,IN,JM,KY,LY,MN,NY,OY,PN,QN,RM,SM,TN,UN,VY,WY,XN,YM,ZY,AAY,ABN,ACY,ADY,AEN,AFY,AGN,AHN,Student
Male,19-22,EMaybe,FMay be,GNo,HNo,IN,JN,KY,LN,MN,NN,ON,PY,QY,RM,SN,TY,UY,VM,WN,XY,YN,ZY,AAY,ABY,ACN,ADY,AEN,AFN,AGN,AHY,Student
Male,23-30,ENo,FNo,GNo,HNo,IN,JN,KY,LY,MN,NN,ON,PY,QN,RY,SN,TY,UY,VY,WY,XY,YY,ZY,AAY,ABN,ACY,ADN,AEN,AFY,AGY,AHY,Student
Male,23-30,EYes,FMay be,GMay be,HNo,IN,JM,KN,LN,MM,NN,OY,PN,QN,RY,SY,TN,UN,VM,WY,XM,YN,ZY,AAY,ABN,ACY,ADY,AEN,AFN,AGY,AHY,Student
Male,23-30,EYes,FYes,GMay be,HNo,IM,JN,KY,LY,MN,NN,OY,PN,QN,RY,SN,TN,UN,VY,WN,XN,YN,ZY,AAN,ABN,ACN,ADY,AEN,AFY,AGN,AHN,Student
Male,19-22,EYes,FYes,GYes,HNo,IM,JY,KY,LN,MN,NM,ON,PM,QN,RN,SN,TY,UM,VY,WM,XY,YY,ZY,AAM,ABM,ACY,ADY,AEM,AFM,AGN,AHM,Student
Male,23-30,EYes,FYes,GYes,HNo,IM,JN,KY,LN,MN,NN,OY,PN,QN,RM,SN,TN,UN,VN,WN,XN,YN,ZY,AAY,ABY,ACY,ADY,AEY,AFY,AGN,AHY,Student
Female,19-22,EYes,FNo,GNo,HNo,IN,JM,KN,LN,MN,NN,OY,PN,QN,RM,SN,TN,UN,VM,WN,XN,YM,ZY,AAY,ABN,ACY,ADM,AEY,AFY,AGN,AHN,Student
Male,19-22,EYes,FYes,GYes,HYes,IYes,JN,KM,LN,MY,NN,OY,PN,QN,RY,SN,TN,UN,VY,WY,XN,YN,ZY,AAY,ABN,ACY,ADY,AEY,AFY,AGN,,Student
Female,19-22,EMaybe,FMay be,GNo,HNo,IN,JN,KY,LN,MN,NM,OY,PN,QN,RM,SM,TN,UN,VN,WN,XN,YN,ZY,AAY,ABN,ACM,ADY,AEN,AFM,AGN,AHN,Student
Male,19-22,EYes,FNo,GMay be,HNo,IN,JY,KY,LY,MN,NY,OY,PY,QN,RY,SN,TY,UY,VY,WN,XN,YM,ZY,AAN,ABY,ACN,ADN,AEM,AFY,AGY,AHM,Student
Male,23-30,EYes,FYes,GYes,HMay be,IM,JM,KY,LY,MN,NN,OY,PN,QN,RM,SN,TN,UN,VM,WN,XY,YM,ZY,AAY,ABY,ACY,ADY,AEM,AFY,AGN,AHM,Student
Male,19-22,ENo,FNo,GMay be,HNo,IN,JN,KY,LY,MN,NY,OY,PN,QN,RY,SN,TY,UN,VN,WN,XN,YN,ZY,AAY,ABY,ACY,ADY,AEN,AFY,AGM,AHN,Student
Male,19-22,ENo,FNo,GNo,HNo,IN,JY,KY,LY,MN,NY,OY,PN,QY,RY,SN,TY,UY,VY,WY,XY,YY,ZY,AAY,ABY,ACY,ADY,AEY,AFY,AGY,AHY,Student
Male,19-22,EYes,FYes,GMay be,HNo,IN,JN,KY,LN,MN,NY,ON,PY,QM,RM,SN,TM,UY,VN,WN,XM,YN,ZY,AAN,ABY,ACY,ADN,AEY,AFY,AGY,AHM,Student
Male,19-22,EYes,FYes,GNo,HYes,IYes,JN,KY,LN,MY,NY,OM,PY,QY,RY,SN,TM,UN,VY,WN,XY,YY,ZY,AAY,ABN,ACN,ADN,AEY,AFY,AGY,AHM,Student
Male,23-30,EMaybe,FNo,GNo,HNo,IN,JN,KY,LN,MY,NN,OM,PN,QN,RN,SN,TN,UN,VN,WN,XN,YN,ZY,AAY,ABM,ACY,ADY,AEM,AFY,AGY,AHN,Student
Male,23-30,EMaybe,FYes,GYes,HNo,IN,JN,KY,LN,MN,NM,OM,PM,QM,RN,SN,TY,UM,VM,WM,XM,YN,ZY,AAY,ABY,ACY,ADN,AEM,AFY,AGY,AHN,Student
Male,23-30,EYes,FYes,GYes,HNo,IN,JN,KN,LN,MN,NY,OY,PY,QN,RM,SN,TY,UN,VN,WN,XN,YN,ZY,AAY,ABN,ACY,ADY,AEN,AFY,AGN,AHN,Student
Female,19-22,EYes,FYes,GYes,HNo,IN,JM,KM,LY,MN,NY,OM,PN,QM,RM,SN,TM,UN,VY,WN,XM,YN,ZY,AAY,ABM,ACY,ADY,AEM,AFY,AGY,AHN,Student
Female,19-22,EYes,FYes,GYes,HYes,IYes,JN,KY,LN,MN,NN,OY,PN,QN,RY,SN,TN,UN,VY,WN,XN,YN,ZY,AAN,ABY,ACY,ADY,AEY,AFY,AGN,AHN,Student
Female,19-22,EYes,FYes,GMay be,HNo,IN,JN,KM,LN,MN,NM,ON,PY,QY,RM,SN,TY,UM,VM,WN,XY,YN,ZM,AAN,ABY,ACN,ADN,AEN,AFN,AGY,AHY,Student
Female,19-22,EYes,FNo,GYes,HNo,IN,JM,KY,LM,MN,NY,OY,PM,QN,RM,SN,TN,UN,VN,WN,XY,YN,ZY,AAY,ABY,ACM,ADY,AEN,AFY,AGN,AHN,Student
Female,23-30,EYes,FYes,GNo,HNo,IN,JN,KM,LM,MN,NN,OY,PY,QN,RN,SN,TY,UN,VN,WN,XN,YM,ZY,AAY,ABN,ACY,ADY,AEN,AFY,AGY,AHN,Student
Male,23-30,EYes,FYes,GYes,HNo,IN,JN,KY,LY,MN,NN,OY,PN,QN,RN,SN,TM,UM,VY,WN,XN,YN,ZY,AAY,ABY,ACY,ADY,AEN,AFY,AGN,AHN,Student
Female,23-30,EYes,FMay be,GYes,HNo,IN,JN,KY,LM,MN,NN,OM,PY,QY,RN,SN,TY,UY,VY,WN,XY,YN,ZY,AAY,ABY,ACY,ADY,AEN,AFM,AGN,AHM,Student
Female,19-22,EYes,FYes,GNo,HNo,IN,JM,KY,LN,MN,NM,OY,PN,QN,RM,SM,TN,UY,VY,WN,XN,YN,ZY,AAY,ABY,ACM,ADY,AEY,AFY,AGN,AHN,Student
Female,19-22,EYes,FMay be,GYes,HNo,IM,JM,KM,LN,MN,NY,OY,PN,QN,RM,SM,TN,UN,VM,WN,XN,YN,ZY,AAY,ABY,ACY,ADY,AEN,AFY,AGN,AHM,Student
Female,19-22,EMaybe,FMay be,GYes,HNo,IM,JM,KY,LN,MN,NM,OY,PN,QN,RY,SM,TN,UY,VN,WN,XN,YN,ZY,AAY,ABY,ACY,ADY,AEN,AFY,AGY,AHN,Student
Male,19-22,EMaybe,FNo,GYes,HNo,IM,JM,KM,LN,MN,NN,OY,PN,QN,RY,SY,TN,UY,VY,WN,XM,YM,ZM,AAN,ABN,ACY,ADY,AEY,AFM,AGY,AHN,Student
Female,23-30,EYes,FYes,GYes,HNo,IN,JN,KY,LN,MN,NN,ON,PN,QN,RN,SN,TN,UN,VY,WN,XY,YY,ZY,AAY,ABY,ACY,ADN,AEN,AFY,AGN,AHN,Student
Female,19-22,EMaybe,FNo,GMay be,HNo,IN,JY,KM,LN,MM,NY,OY,PN,QN,RM,SM,TN,UN,VY,WN,XN,YN,ZY,AAY,ABM,ACY,ADY,AEY,AFY,AGN,AHN,Student
Male,19-22,ENo,FNo,GNo,HMay be,IYes,JM,KY,LY,MN,NM,OY,PY,QY,RY,SY,TY,UY,VM,WN,XY,YY,ZY,AAY,ABY,ACN,ADY,AEN,AFY,AGY,AHN,Student
Male,19-22,EYes,FYes,GMay be,HNo,IN,JN,KY,LN,MN,NN,ON,PN,QY,RY,SN,TY,UM,VM,WM,XY,YM,ZN,AAY,ABY,ACY,ADY,AEM,AFM,AGM,AHN,Student
Female,19-22,EYes,FYes,GYes,HNo,IN,JN,KY,LN,MN,NN,OY,PY,QN,RY,SN,TN,UN,VN,WN,XN,YN,ZM,AAY,ABN,ACN,ADY,AEY,AFY,AGN,AHN,Student
Male,23-30,ENo,FNo,GMay be,HNo,IN,JM,KN,LN,MY,NM,OY,PN,QM,RM,SN,TN,UN,VM,WN,XY,YN,ZM,AAY,ABM,ACM,ADM,AEY,AFM,AGN,AHN,Student
Male,19-22,EYes,FNo,GNo,HNo,IN,JN,KM,LY,MY,NN,ON,PY,QN,RY,SN,TY,UY,VN,WN,XY,YN,ZY,AAN,ABM,ACY,ADY,AEY,AFM,AGY,AHN,Student
Male,23-30,EYes,FMay be,GYes,HNo,IN,JN,KY,LM,MN,NY,OY,PN,QY,RY,SN,TM,UY,VM,WN,XM,YN,ZY,AAY,ABN,ACY,ADY,AEM,AFY,AGY,AHM,Student
Male,23-30,EYes,FNo,GNo,HNo,IN,JY,KM,LN,MN,NY,OY,PN,QN,RY,SY,TN,UN,VY,WN,XN,YY,ZY,AAY,ABN,ACN,ADY,AEY,AFM,AGN,AHN,Student
Male,19-22,ENo,FNo,GMay be,HNo,IN,JN,KY,LY,MN,NM,OY,PN,QN,RY,SY,TN,UN,VM,WN,XN,YN,ZY,AAY,ABN,ACN,ADN,AEY,AFY,AGN,AHN,Student
Male,23-30,EMaybe,FNo,GYes,HNo,IM,JM,KM,LN,MN,NM,OY,PN,QN,RM,SN,TN,UM,VY,WN,XM,YN,ZY,AAY,ABN,ACY,ADN,AEY,AFM,AGN,AHN,Student
Male,19-22,EMaybe,FNo,GMay be,HNo,IN,JY,KN,LN,MN,NM,OY,PN,QN,RM,SN,TN,UN,VM,WN,XM,YN,ZY,AAY,ABY,ACY,ADN,AEY,AFM,AGY,AHM,Student
Female,19-22,EYes,FYes,GYes,HNo,IN,JM,KN,LN,MN,NN,OY,PN,QN,RM,SN,TN,UY,VY,WN,XN,YN,ZY,AAY,ABN,ACY,ADY,AEN,AFY,AGY,AHN,Student
Male,19-22,ENo,FNo,GNo,HMay be,IN,JM,KY,LN,MN,NM,OY,PN,QY,RY,SM,TN,UN,VN,WN,XN,YM,ZY,AAY,ABN,ACN,ADY,AEY,AFY,AGN,AHN,Student
Male,19-22,ENo,FNo,GNo,HNo,IN,JN,KM,LN,MN,NN,OY,PM,QN,RN,SY,TN,UN,VY,WN,XN,YY,ZN,AAY,ABY,ACM,ADY,AEN,AFY,AGM,AHY,Student
Female,19-22,EYes,FYes,GNo,HNo,IN,JY,KY,LN,MN,NN,OY,PN,QN,RY,SN,TN,UN,VY,WN,XN,YN,ZY,AAY,ABY,ACY,ADY,AEN,AFY,AGY,AHN,Student
Female,19-22,ENo,FNo,GNo,HNo,IN,JN,KN,LN,MN,NN,ON,PN,QN,RN,SN,TN,UN,VN,WN,XN,YN,ZN,AAN,ABN,ACN,ADN,AEN,AFN,AGN,AHM,Student
Male,19-22,ENo,FNo,GYes,HYes,IN,JN,KY,LY,MY,NN,ON,PY,QM,RM,SM,TM,UM,VM,WM,XM,YY,ZY,AAY,ABM,ACM,ADM,AEM,AFM,AGM,AHM,Student
Female,23-30,EMaybe,FYes,GNo,HNo,IM,JM,KY,LN,MN,NY,OY,PN,QN,RY,SY,TM,UY,VM,WN,XM,YN,ZY,AAY,ABY,ACM,ADY,AEY,AFY,AGY,AHN,Student
Female,19-22,ENo,FNo,GMay be,HMay be,IM,JN,KY,LY,MN,NY,OY,PN,QN,RN,SY,TN,UN,VN,WY,XN,YM,ZY,AAY,ABN,ACN,ADY,AEM,AFY,AGN,AHN,Student
Male,23-30,EYes,FYes,GYes,HNo,IM,JM,KM,LN,MN,NY,OY,PY,QY,RY,SN,TY,UY,VN,WN,XY,YM,ZM,AAY,ABN,ACY,ADY,AEN,AFY,AGN,AHM,Student
Female,19-22,EYes,FYes,GYes,HNo,IN,JM,KY,LN,MN,NM,OY,PN,QN,RY,SN,TN,UY,VY,WN,XN,YY,ZY,AAN,ABY,ACY,ADY,AEN,AFY,AGN,AHY,Student
Male,19-22,EYes,FNo,GYes,HMay be,IM,JM,KN,LN,MN,NN,OY,PN,QN,RY,SN,TN,UM,VM,WM,XN,YY,ZY,AAY,ABY,ACN,ADY,AEY,AFY,AGY,AHN,Student
Male,23-30,EMaybe,FNo,GYes,HNo,IN,JN,KY,LN,MY,NN,ON,PN,QY,RY,SY,TN,UN,VN,WN,XN,YN,ZY,AAY,ABY,ACN,ADY,AEY,AFY,AGN,AHN,Student
Female,14-18,ENo,FMay be,GYes,HNo,IN,JN,KY,LN,MN,NY,OY,PN,QN,RM,SM,TM,UN,VN,WN,XM,YN,ZY,AAY,ABN,ACY,ADY,AEM,AFY,AGY,AHN,Student
Male,23-30,ENo,FNo,GNo,HMay be,IM,JN,KY,LY,MN,NY,OY,PY,QY,RY,SY,TM,UM,VN,WN,XY,YM,ZY,AAY,ABY,ACM,ADY,AEY,AFM,AGN,AHN,Student
Female,19-22,EYes,FMay be,GYes,HNo,IM,JN,KY,LY,MN,NM,OY,PM,QM,RY,SN,TY,UM,VY,WN,XM,YM,ZY,AAY,ABN,ACY,ADY,AEY,AFY,AGY,AHY,Student
Male,23-30,EYes,FYes,GYes,HNo,IN,JN,KY,LN,MN,NY,OY,PN,QN,RM,SN,TN,UN,VY,WN,XM,YN,ZY,AAY,ABN,ACY,ADY,AEN,AFY,AGN,AHN,Student
Male,19-22,EYes,FNo,GYes,HNo,IN,JN,KY,LN,MN,NY,OY,PN,QN,RY,SN,TN,UN,VN,WN,XN,YN,ZY,AAY,ABY,ACY,ADY,AEN,AFY,AGY,AHN,Student
Male,23-30,EYes,FMay be,GMay be,HYes,IM,JN,KY,LY,MN,NN,OY,PM,QY,RY,SY,TM,UM,VY,WY,XY,YN,ZY,AAY,ABY,ACM,ADY,AEY,AFY,AGY,AHM,Student
Male,19-22,EYes,FYes,GNo,HNo,IN,JM,KY,LY,MN,NM,ON,PN,QN,RM,SN,TN,UY,VN,WN,XN,YN,ZY,AAY,ABN,ACY,ADY,AEN,AFY,AGY,AHN,Student
Female,19-22,EYes,FNo,GYes,HNo,IN,JN,KY,LN,MN,NM,OY,PN,QY,RY,SM,TN,UY,VY,WN,XY,YM,ZY,AAY,ABY,ACN,ADY,AEN,AFY,AGY,AHN,Student
Male,19-22,EYes,FYes,GMay be,HMay be,IN,JN,KN,LY,MN,NM,OY,PN,QN,RY,SN,TN,UY,VM,WY,XN,YN,ZY,AAY,ABY,ACY,ADY,AEY,AFY,AGN,AHN,Student
Male,19-22,ENo,FYes,GNo,HMay be,IM,JN,KY,LY,MN,NM,OY,PY,QM,RM,SN,TM,UN,VN,WN,XM,YM,ZN,AAN,ABN,ACN,ADY,AEM,AFY,AGN,AHN,Student
Male,23-30,ENo,FNo,GYes,HNo,IN,JY,KY,LN,MN,NN,OY,PN,QY,RY,SY,TN,UN,VN,WN,XY,YN,ZY,AAY,ABN,ACY,ADY,AEN,AFY,AGY,AHN,Student
Male,23-30,ENo,FMay be,GYes,HYes,IN,JN,KY,LY,MM,NY,OY,PN,QN,RN,SN,TN,UY,VN,WY,XM,YY,ZY,AAM,ABY,ACM,ADY,AEM,AFY,AGN,AHN,Student
Female,19-22,EYes,FNo,GMay be,HNo,IN,JM,KM,LN,MN,NY,OM,PN,QM,RM,SN,TM,UN,VM,WN,XY,YN,ZM,AAY,ABY,ACN,ADY,AEN,AFY,AGY,AHN,Student
Male,19-22,EMaybe,FNo,GMay be,HNo,IN,JY,KY,LY,MN,NM,OY,PN,QN,RY,SN,TN,UN,VY,WN,XM,YM,ZY,AAY,ABY,ACY,ADY,AEY,AFY,AGM,AHN,Student
Male,23-30,EYes,FMay be,GNo,HNo,IM,JM,KY,LN,MN,NY,OY,PN,QN,RY,SY,TN,UM,VN,WN,XN,YN,ZY,AAY,ABY,ACY,ADY,AEM,AFY,AGN,AHN,Student
Female,19-22,EYes,FYes,GMay be,HNo,IN,JY,KY,LY,MN,NN,OY,PN,QN,RN,SN,TN,UN,VN,WN,XN,YN,ZY,AAY,ABY,ACY,ADY,AEY,AFY,AGY,AHN,Student
Female,19-22,EYes,FYes,GMay be,HNo,IN,JN,KY,LN,MN,NN,OY,PN,QN,RN,SM,TN,UM,VN,WN,XM,YN,ZY,AAY,ABY,ACN,ADY,AEY,AFY,AGY,AHN,Student
Male,19-22,EYes,FMay be,GMay be,HNo,IM,JM,KY,LN,MN,NM,OY,PN,QN,RM,SN,TN,UN,VY,WN,XN,YM,ZY,AAY,ABN,ACY,ADY,AEN,AFY,AGN,AHN,Student
Male,23-30,EMaybe,FNo,GYes,HMay be,IN,JM,KN,LN,MY,NN,OY,PN,QN,RY,SM,TM,UM,VY,WN,XY,YM,ZY,AAY,ABY,ACY,ADY,AEM,AFY,AGY,AHN,Student
Female,19-22,EYes,FMay be,GYes,HYes,IN,JM,KM,LN,MN,NM,ON,PN,QN,RY,SN,TM,UM,VN,WM,XN,YM,ZY,AAY,ABN,ACY,ADY,AEM,AFY,AGN,AHY,Student
Male,23-30,ENo,FNo,GNo,HNo,IN,JY,KN,LN,MN,NY,OY,PN,QN,RM,SY,TN,UN,VY,WM,XN,YN,ZY,AAY,ABN,ACY,ADY,AEN,AFY,AGN,AHN,Student
Male,23-30,EYes,FYes,GMay be,HNo,IM,JM,KM,LN,MM,NN,ON,PN,QM,RY,SN,TY,UY,VN,WM,XY,YN,ZM,AAM,ABN,ACY,ADY,AEM,AFM,AGN,AHM,Student
Male,19-22,EYes,FYes,GYes,HNo,IN,JN,KY,LN,MN,NN,OY,PN,QN,RM,SN,TN,UN,VN,WN,XN,YN,ZY,AAY,ABN,ACY,ADY,AEN,AFN,AGY,AHN,Student
Male,19-22,EYes,FYes,GYes,HNo,IN,JM,KY,LN,MN,NM,OY,PN,QN,RM,SN,TM,UN,VN,WN,XY,YN,ZY,AAY,ABN,ACY,ADY,AEM,AFY,AGM,AHY,Student
Male,23-30,EYes,FMay be,GMay be,HNo,IN,JN,KY,LN,MN,NN,OY,PN,QN,RY,SM,TN,UN,VN,WN,XN,YN,ZY,AAY,ABN,ACY,ADN,AEY,AFY,AGN,AHN,Student
Male,23-30,EMaybe,FMay be,GYes,HNo,IN,JY,KY,LN,MY,NY,OY,PY,QY,RY,SY,TY,UY,VY,WY,XN,YN,ZY,AAY,ABN,ACY,ADY,AEN,AFM,AGY,AHY,Student
Male,23-30,EYes,FYes,GNo,HNo,IN,JN,KY,LY,MN,NY,OY,PN,QN,RY,SN,TN,UN,VN,WN,XM,YN,ZY,AAY,ABN,ACY,ADY,AEN,AFY,AGY,AHN,Student
Male,23-30,EYes,FYes,GNo,HNo,IN,JN,KY,LY,MN,NY,OY,PN,QN,RY,SN,TN,UN,VN,WN,XM,YN,ZY,AAY,ABN,ACY,ADY,AEN,AFY,AGY,AHN,Student
Female,19-22,ENo,FNo,GNo,HNo,IM,JM,KM,LN,MN,NN,OY,PN,QN,RM,SM,TN,UN,VN,WY,XN,YN,ZY,AAY,ABN,ACY,ADY,AEN,AFY,AGN,AHN,Student
Male,19-22,ENo,FYes,GNo,HNo,IN,JN,KY,LN,MY,NN,OY,PN,QN,RN,SN,TN,UN,VN,WN,XN,YN,ZN,AAM,ABN,ACY,ADY,AEN,AFM,AGN,AHN,Student
Female,19-22,EYes,FYes,GYes,HNo,IN,JN,KY,LN,MN,NM,OY,PN,QN,RN,SY,TN,UN,VN,WN,XN,YN,ZY,AAY,ABN,ACM,ADY,AEN,AFY,AGY,AHN,Student
Male,19-22,ENo,FNo,GMay be,HNo,IN,JN,KY,LN,MN,NY,OY,PN,QY,RY,SY,TN,UY,VN,WN,XY,YN,ZY,AAY,ABN,ACN,ADY,AEY,AFY,AGN,AHY,Student
Male,23-30,EYes,FYes,GMay be,HNo,IYes,JY,KM,LM,MM,NY,OY,PY,QY,RM,SY,TY,UY,VN,WN,XM,YM,ZM,AAN,ABM,ACY,ADN,AEY,AFY,AGY,AHN,Student
Male,19-22,EMaybe,FMay be,GMay be,HMay be,IN,JN,KY,LN,MN,NM,OY,PN,QY,RY,SM,TN,UM,VM,WM,XM,YN,ZY,AAY,ABM,ACM,ADM,AEM,AFM,AGM,AHM,Student
Male,19-22,EYes,FNo,GMay be,HNo,IN,JY,KY,LN,MN,NY,OY,PN,QN,RM,SN,TN,UM,VM,WY,XN,YM,ZY,AAY,ABN,ACY,ADN,AEN,AFY,AGN,AHN,Student
Female,19-22,EYes,FNo,GNo,HNo,IN,JY,KN,LN,MY,NY,OY,PN,QN,RY,SY,TN,UN,VN,WN,XN,YY,ZY,AAY,ABN,ACY,ADY,AEN,AFY,AGY,AHY,Student
Male,23-30,EYes,FYes,GYes,HNo,IN,JN,KY,LN,MN,NN,OY,PN,QN,RY,SN,TN,UN,VN,WN,XN,YM,ZY,AAY,ABY,ACY,ADY,AEN,AFM,AGN,AHN,Student
Female,19-22,EMaybe,FYes,GNo,HNo,IN,JM,KY,LN,MN,NY,OY,PN,QY,RM,SN,TN,UN,VN,WN,XN,YM,ZY,AAY,ABY,ACM,ADY,AEN,AFY,AGN,AHN,Student
Male,23-30,ENo,FNo,GYes,HNo,IN,JN,KY,LY,MN,NN,OM,PN,QN,RM,SM,TN,UN,VM,WN,XN,YN,ZY,AAY,ABY,ACY,ADY,AEN,AFY,AGY,AHN,Student
Female,23-30,EMaybe,FYes,GMay be,HNo,IM,JN,KY,LY,MM,NY,OY,PY,QN,RY,SN,TY,UY,VY,WN,XY,YN,ZY,AAN,ABY,ACN,ADN,AEY,AFY,AGY,AHN,Student
Male,23-30,EYes,FMay be,GYes,HNo,IN,JM,KM,LN,MN,NN,OY,PN,QN,RY,SY,TN,UN,VY,WN,XN,YN,ZY,AAY,ABN,ACY,ADN,AEY,AFN,AGY,AHN,Student
Female,23-30,EYes,FYes,GYes,HNo,IN,JN,KY,LY,MN,NY,OY,PN,QN,RM,SY,TN,UN,VY,WN,XN,YN,ZY,AAN,ABY,ACY,ADN,AEY,AFY,AGN,,Student
Male,23-30,EMaybe,FMay be,GYes,HYes,IN,JM,KY,LN,MN,NN,OY,PN,QY,RY,SN,TN,UM,VY,WN,XM,YN,ZY,AAY,ABN,ACN,ADY,AEN,AFY,AGN,AHN,Student
Male,19-22,EYes,FYes,GYes,HNo,IN,JN,KY,LN,MN,NM,ON,PN,QN,RY,SN,TY,UN,VY,WN,XY,YN,ZY,AAY,ABY,ACN,ADY,AEN,AFY,AGY,AHY,Student
Male,19-22,EMaybe,FYes,GYes,HNo,IYes,JN,KY,LN,MN,NN,OY,PN,QY,RN,SN,TN,UN,VY,WN,XY,YN,ZY,AAY,ABY,ACY,ADY,AEY,AFY,AGY,AHY,Student
Male,19-22,EYes,FYes,GYes,HNo,IN,JN,KY,LN,MN,NN,OY,PN,QN,RN,SN,TN,UN,VY,WN,XN,YN,ZY,AAY,ABY,ACY,ADY,AEN,AFY,AGN,AHN,Student
Male,23-30,EYes,FYes,GYes,HYes,IN,JY,KN,LN,MY,NN,OY,PN,QY,RM,SN,TY,UN,VN,WN,XY,YY,ZN,AAY,ABY,ACY,ADY,AEY,AFY,AGY,AHY,Student
Male,23-30,EMaybe,FNo,GNo,HNo,IN,JN,KY,LN,MN,NY,OY,PN,QN,RY,SN,TY,UN,VN,WY,XY,YN,ZY,AAY,ABY,ACY,ADY,AEM,AFM,AGY,AHY,Student
Female,19-22,EYes,FNo,GMay be,HMay be,IYes,JM,KY,LY,MN,NN,OY,PN,QN,RY,SM,TN,UN,VM,WN,XN,YY,ZY,AAY,ABY,ACY,ADY,AEY,AFY,AGY,AHM,Student
Male,19-22,EYes,FYes,GYes,HNo,IM,JN,KY,LY,MN,NY,OY,PN,QN,RM,SN,TM,UY,VY,WM,XM,YY,ZY,AAY,ABN,ACY,ADY,AEN,AFY,AGN,AHM,Student
Female,23-30,EMaybe,FNo,GNo,HNo,IYes,JN,KY,LY,MN,NY,OY,PY,QY,RY,SN,TY,UY,VY,WN,XN,YY,ZY,AAY,ABY,ACY,ADY,AEY,AFY,AGY,AHY,Student
Male,19-22,ENo,FNo,GNo,HMay be,IM,JM,KY,LY,MN,NN,OY,PY,QM,RY,SY,TY,UY,VM,WM,XY,YN,ZY,AAY,ABN,ACY,ADN,AEN,AFY,AGY,AHN,Student
Female,19-22,ENo,FNo,GNo,HMay be,IM,JN,KY,LY,MN,NY,OY,PY,QY,RY,SY,TY,UN,VM,WN,XY,YY,ZY,AAN,ABN,ACY,ADY,AEN,AFY,AGN,AHN,Student
Female,19-22,EYes,FMay be,GMay be,HMay be,IYes,JY,KY,LY,MN,NY,OY,PN,QN,RY,SM,TN,UN,VY,WM,XM,YY,ZY,AAY,ABY,ACY,ADY,AEN,AFY,AGY,AHN,Student
Male,23-30,EYes,FYes,GMay be,HNo,IM,JN,KY,LN,MN,NN,ON,PY,QM,RM,SN,TM,UM,VM,WN,XM,YN,ZY,AAY,ABY,ACM,ADY,AEM,AFY,AGN,AHN,Student
Male,19-22,EYes,FYes,GNo,HNo,IN,JM,KM,LN,MN,NN,OY,PN,QN,RM,SN,TN,UN,VY,WN,XN,YN,ZY,AAY,ABN,ACY,ADY,AEN,AFM,AGY,AHN,Student
Female,19-22,EYes,FYes,GYes,HNo,IN,JN,KY,LN,MN,NY,OY,PN,QM,RY,SY,TM,UN,VY,WN,XM,YN,ZY,AAY,ABN,ACY,ADY,AEM,AFY,AGY,AHM,Student
Male,23-30,EYes,FYes,GYes,HNo,IN,JN,KY,LN,MN,NN,OY,PN,QN,RN,SN,TN,UY,VM,WN,XM,YN,ZY,AAY,ABN,ACY,ADY,AEN,AFN,AGN,AHN,Student
Female,23-30,EYes,FYes,GYes,HNo,IN,JN,KY,LN,MN,NN,OY,PY,QY,RY,SN,TY,UM,VN,WM,XY,YN,ZY,AAY,ABN,ACY,ADY,AEM,AFM,AGY,AHM,Student
Male,23-30,EYes,FYes,GMay be,HNo,IN,JN,KY,LN,MN,NM,OY,PN,QN,RM,SN,TN,UN,VM,WN,XN,YN,ZY,AAY,ABN,ACY,ADY,AEN,AFM,AGY,AHN,Student
Male,23-30,ENo,FNo,GNo,HNo,IN,JN,KY,LY,MN,NY,OY,PY,QM,RY,SM,TM,UN,VM,WN,XM,YN,ZY,AAY,ABN,ACY,ADY,AEY,AFY,AGY,AHN,Student
Male,23-30,EYes,FYes,GYes,HYes,IYes,JY,KY,LN,MN,NY,ON,PY,QY,RY,SN,TY,UY,VY,WY,XY,YY,ZY,AAN,ABY,ACN,ADY,AEY,AFY,AGY,AHY,Student
Male,23-30,EYes,FYes,GNo,HNo,IM,JM,KN,LN,MN,NY,OY,PN,QM,RY,SN,TY,UN,VN,WN,XM,YN,ZY,AAY,ABN,ACM,ADY,AEY,AFM,AGM,AHY,Student
Male,19-22,EYes,FYes,GYes,HNo,IN,JN,KY,LN,MN,NN,OY,PN,QN,RN,SN,TN,UN,VY,WN,XN,YN,ZY,AAY,ABN,ACY,ADY,AEY,AFY,AGY,AHN,Student
Male,23-30,EMaybe,FMay be,GNo,HNo,IN,JN,KY,LN,MM,NY,OY,PN,QN,RY,SM,TN,UM,VM,WN,XM,YN,ZM,AAY,ABN,ACY,ADY,AEN,AFY,AGY,AHN,Student
Male,19-22,EYes,FYes,GYes,HNo,IN,JY,KY,LN,MN,NN,OY,PN,QN,RY,SN,TN,UN,VY,WN,XN,YN,ZY,AAY,ABY,ACY,ADY,AEN,AFY,AGN,AHN,Student
Male,19-22,EYes,FYes,GYes,HNo,IM,JN,KM,LN,MN,NN,OY,PN,QN,RY,SY,TN,UN,VY,WN,XN,YM,ZY,AAY,ABY,ACY,ADY,AEN,AFY,AGN,AHN,Student
Female,23-30,EYes,FMay be,GYes,HNo,IN,JN,KM,LM,MN,NY,OY,PN,QN,RM,SN,TN,UN,VY,WN,XM,YM,ZY,AAY,ABN,ACY,ADY,AEY,AFY,AGN,AHY,Student
Male,23-30,EYes,FNo,GMay be,HNo,IM,JY,KM,LY,MY,NY,OY,PN,QN,RY,SY,TN,UN,VN,WN,XN,YY,ZY,AAY,ABY,ACY,ADY,AEY,AFY,AGY,AHN,Student
Male,19-22,EYes,FNo,GYes,HNo,IM,JY,KY,LY,MN,NY,OM,PN,QM,RY,SY,TN,UN,VY,WM,XM,YN,ZY,AAY,ABY,ACY,ADY,AEY,AFY,AGM,AHN,Student
Male,23-30,ENo,FNo,GNo,HNo,IN,JM,KM,LN,MY,NN,OY,PN,QN,RY,SY,TN,UN,VY,WN,XY,YN,ZY,AAY,ABY,ACN,ADY,AEN,AFY,AGY,AHN,Student
Female,23-30,EYes,FYes,GYes,HNo,IN,JN,KY,LN,MN,NY,OY,PN,QY,RY,SN,TN,UN,VY,WY,XY,YN,ZY,AAY,ABY,ACN,ADY,AEN,AFN,AGY,AHY,Student
Female,19-22,EYes,FYes,GYes,HNo,IN,JY,KN,LN,MN,NN,OY,PN,QN,RY,SN,TN,UY,VY,WY,XN,YY,ZY,AAY,ABY,ACN,ADY,AEY,AFY,AGY,AHM,Student
Male,19-22,ENo,FNo,GNo,HNo,IN,JN,KY,LN,MN,NY,OY,PY,QN,RN,SN,TN,UM,VM,WN,XM,YN,ZY,AAY,ABN,ACY,ADY,AEM,AFN,AGN,AHN,Student
Male,19-22,EYes,FYes,GYes,HNo,IYes,JN,KN,LN,MY,NY,ON,PY,QY,RY,SN,TY,UY,VY,WN,XY,YN,ZN,AAY,ABN,ACY,ADN,AEY,AFY,AGY,AHY,Student
Male,19-22,EYes,FNo,GYes,HNo,IM,JM,KY,LY,MY,NY,OY,PN,QN,RY,SY,TN,UM,VN,WY,XN,YY,ZY,AAY,ABY,ACY,ADY,AEN,AFY,AGN,AHN,Student
Female,19-22,EYes,FYes,GYes,HYes,IM,JY,KM,LN,MN,NY,OY,PY,QY,RY,SY,TN,UM,VY,WM,XY,YY,ZY,AAY,ABY,ACM,ADY,AEY,AFY,AGM,AHY,Student
Male,19-22,EYes,FNo,GYes,HNo,IN,JM,KY,LN,MN,NY,OY,PN,QN,RM,SY,TN,UM,VY,WN,XN,YY,ZY,AAY,ABY,ACY,ADY,AEY,AFY,AGY,AHY,Student
Female,19-22,EYes,FMay be,GYes,HMay be,IN,JN,KY,LN,MN,NM,OY,PN,QN,RM,SY,TN,UN,VM,WN,XY,YM,ZY,AAY,ABY,ACM,ADY,AEN,AFY,AGY,AHN,Student
Female,19-22,EYes,FYes,GMay be,HNo,IN,JN,KN,LN,MY,NN,OY,PN,QN,RY,SN,TN,UN,VN,WN,XN,YN,ZY,AAY,ABY,ACY,ADY,AEY,AFY,AGN,AHN,Student
Male,19-22,ENo,FNo,GYes,HNo,IN,JN,KY,LN,MN,NN,OY,PM,QN,RM,SN,TY,UM,VY,WN,XY,YN,ZY,AAY,ABN,ACY,ADY,AEY,AFY,AGN,AHN,Student
Male,19-22,EYes,FNo,GMay be,HNo,IYes,JY,KY,LM,MN,NY,OY,PN,QY,RY,SY,TN,UN,VY,WM,XN,YN,ZY,AAY,ABY,ACM,ADY,AEY,AFY,AGY,AHN,Student
Male,23-30,ENo,FNo,GMay be,HNo,IN,JY,KY,LY,MY,NM,OY,PN,QN,RM,SN,TN,UN,VY,WM,XM,YM,ZY,AAY,ABN,ACY,ADY,AEY,AFM,AGN,AHN,Student
Female,23-30,EYes,FNo,GNo,HNo,IM,JN,KY,LN,MN,NY,OY,PY,QY,RN,SN,TY,UY,VM,WN,XY,YM,ZY,AAY,ABM,ACY,ADM,AEY,AFY,AGN,AHN,Student
Male,19-22,EYes,FYes,GYes,HNo,IN,JM,KN,LN,MN,NN,OY,PN,QN,RM,SM,TN,UM,VN,WN,XY,YY,ZY,AAY,ABY,ACN,ADY,AEN,AFY,AGN,AHN,Student
Male,23-30,ENo,FNo,GNo,HNo,IN,JN,KM,LN,MM,NN,OY,PN,QN,RY,SY,TN,UN,VM,WM,XN,YN,ZY,AAY,ABY,ACY,ADY,AEY,AFY,AGY,AHN,Student
Male,23-30,EYes,FNo,GNo,HNo,IN,JN,KY,LY,MN,NY,OY,PN,QY,RY,SN,TN,UN,VN,WN,XN,YN,ZY,AAY,ABN,ACM,ADY,AEY,AFN,AGY,AHN,Student
Female,19-22,EYes,FYes,GMay be,HYes,IN,JM,KN,LN,MN,NN,OY,PN,QN,RY,SN,TN,UN,VY,WN,XN,YN,ZY,AAY,ABN,ACN,ADY,AEN,AFY,AGN,AHN,Student
Female,19-22,EYes,FYes,GYes,HNo,IM,JN,KY,LN,MN,NM,OY,PN,QN,RY,SY,TN,UN,VY,WN,XN,YM,ZY,AAY,ABY,ACY,ADY,AEY,AFY,AGY,AHN,Student
Female,19-22,EYes,FMay be,GMay be,HNo,IM,JM,KY,LN,MN,NY,ON,PN,QN,RN,SN,TM,UN,VN,WN,XN,YN,ZM,AAY,ABY,ACY,ADY,AEY,AFY,AGM,AHN,Student
Female,19-22,EMaybe,FMay be,GYes,HNo,IM,JN,KN,LN,MY,NN,OY,PN,QY,RY,SN,TN,UN,VY,WY,XN,YN,ZY,AAY,ABY,ACN,ADY,AEY,AFY,AGN,AHM,Student
Male,19-22,EYes,FNo,GYes,HNo,IN,JN,KY,LN,MN,NY,OY,PN,QN,RY,SY,TN,UY,VN,WN,XN,YN,ZY,AAM,ABY,ACN,ADY,AEN,AFY,AGN,AHN,Student
Male,19-22,EYes,FNo,GMay be,HNo,IN,JM,KM,LM,MN,NY,OM,PM,QN,RM,SM,TM,UY,VY,WN,XM,YM,ZM,AAY,ABY,ACY,ADY,AEY,AFY,AGY,AHN,Student
Female,23-30,EYes,FYes,GYes,HNo,IN,JN,KY,LN,MN,NY,OY,PN,QN,RN,SN,TN,UN,VY,WN,XN,YN,ZY,AAY,ABY,ACM,ADY,AEN,AFY,AGY,AHN,Student
Male,23-30,ENo,FNo,GNo,HYes,IYes,JY,KY,LY,MN,NY,OY,PN,QY,RY,SY,TN,UY,VM,WN,XY,YM,ZY,AAY,ABY,ACY,ADN,AEN,AFY,AGY,AHN,Student
Female,19-22,EMaybe,FNo,GYes,HNo,IM,JY,KY,LY,MN,NY,OY,PN,QN,RY,SY,TN,UN,VN,WN,XN,YM,ZY,AAN,ABY,ACN,ADY,AEY,AFM,AGY,AHN,Student
Female,23-30,EYes,FYes,GYes,HMay be,IM,JM,KY,LN,MN,NN,OY,PN,QY,RN,SY,TN,UN,VY,WN,XM,YY,ZY,AAY,ABN,ACY,ADN,AEN,AFY,AGY,AHN,Student
Female,19-22,EYes,FNo,GYes,HYes,IYes,JN,KY,LY,MN,NY,ON,PY,QY,RY,SN,TY,UY,VY,WY,XY,YY,ZY,AAN,ABY,ACY,ADN,AEY,AFY,AGN,AHY,Student
Female,19-22,EYes,FYes,GYes,HNo,IM,JY,KY,LN,MN,NM,OY,PN,QY,RY,SN,TN,UN,VY,WY,XN,YN,ZY,AAY,ABY,ACY,ADY,AEN,AFY,AGY,AHN,Student
Male,23-30,EYes,FYes,GNo,HNo,IN,JY,KY,LY,MY,NN,OY,PY,QN,RY,SM,TY,UY,VY,WY,XY,YY,ZN,AAY,ABY,ACY,ADY,AEY,AFY,AGN,AHY,Student
Female,19-22,EMaybe,FYes,GNo,HNo,IN,JN,KM,LN,MN,NN,ON,PN,QN,RM,SM,TN,UN,VM,WN,XN,YN,ZY,AAY,ABY,ACY,ADY,AEN,AFM,AGN,AHN,Student
Male,23-30,EYes,FYes,GYes,HNo,IN,JN,KY,LY,MN,NN,OM,PN,QM,RM,SN,TM,UY,VN,WN,XY,YN,ZY,AAY,ABN,ACY,ADY,AEY,AFY,AGY,AHY,Student
Male,19-22,EYes,FNo,GNo,HNo,IN,JM,KY,LY,MN,NY,OY,PN,QN,RY,SN,TN,UY,VY,WN,XN,YN,ZY,AAN,ABY,ACY,ADY,AEN,AFM,AGN,AHN,Student
Male,19-22,EMaybe,FYes,GYes,HNo,IM,JN,KY,LN,MN,NM,OY,PN,QN,RM,SN,TN,UN,VM,WN,XM,YN,ZY,AAY,ABN,ACY,ADY,AEY,AFY,AGN,AHN,Student
Male,23-30,EYes,FYes,GNo,HNo,IN,JN,KN,LN,MN,NY,OY,PN,QN,RM,SN,TN,UN,VM,WN,XY,YN,ZY,AAY,ABY,ACY,ADY,AEN,AFN,AGY,AHN,Student
Female,19-22,EYes,FYes,GNo,HNo,IN,JN,KN,LN,MN,NY,OY,PN,QN,RM,SY,TN,UN,VM,WN,XN,YN,ZY,AAY,ABN,ACY,ADY,AEN,AFY,AGY,AHN,Student
Female,19-22,EYes,FYes,GMay be,HNo,IN,JN,KM,LN,MN,NN,OY,PN,QN,RM,SN,TN,UN,VN,WN,XN,YN,ZY,AAM,ABY,ACM,ADY,AEN,AFM,AGN,AHN,Student
Female,23-30,EYes,FNo,GYes,HNo,IM,JM,KY,LY,MN,NM,OY,PN,QM,RM,SN,TM,UY,VM,WM,XN,YN,ZY,AAY,ABN,ACN,ADY,AEY,AFY,AGN,AHM,Student
Female,19-22,EYes,FYes,GYes,HNo,IYes,JN,KY,LY,MN,NN,OY,PY,QN,RY,SN,TY,UN,VY,WN,XY,YY,ZY,AAN,ABY,ACN,ADN,AEY,AFY,AGN,AHN,Student
Male,23-30,EYes,FNo,GYes,HNo,IM,JN,KN,LN,MN,NY,OY,PN,QM,RY,SN,TY,UY,VY,WM,XM,YN,ZY,AAY,ABN,ACM,ADM,AEY,AFY,AGY,AHN,Student
Male,19-22,ENo,FNo,GYes,HYes,IYes,JY,KY,LN,MY,NN,OY,PN,QN,RY,SY,TN,UN,VY,WN,XY,YY,ZY,AAY,ABY,ACN,ADY,AEN,AFY,AGN,AHN,Student
Male,23-30,ENo,FNo,GYes,HNo,IN,JY,KY,LN,MN,NN,OY,PN,QN,RY,SN,TY,UN,VY,WN,XY,YN,ZY,AAY,ABN,ACN,ADY,AEN,AFY,AGN,AHY,Student
Male,23-30,EYes,FYes,GMay be,HNo,IN,JN,KM,LN,MN,NN,OY,PM,QY,RY,SN,TM,UM,VM,WN,XY,YN,ZY,AAY,ABY,ACY,ADN,AEY,AFY,AGY,AHM,Student
Female,19-22,EYes,FYes,GYes,HYes,IN,JN,KY,LN,MN,NY,OY,PY,QN,RN,SN,TN,UN,VY,WN,XN,YY,ZY,AAY,ABN,ACY,ADY,AEY,AFY,AGY,AHY,Student
Male,23-30,EYes,FYes,GYes,HNo,IM,JM,KY,LY,MN,NY,OY,PN,QN,RY,SN,TN,UN,VN,WN,XY,YN,ZY,AAY,ABN,ACY,ADY,AEM,AFY,AGY,AHN,Student
Male,19-22,EYes,FYes,GMay be,HNo,IN,JN,KY,LN,MN,NN,OM,PN,QN,RY,SN,TM,UN,VM,WM,XN,YN,ZY,AAY,ABM,ACY,ADY,AEN,AFY,AGN,AHN,Student
Female,19-22,EYes,FYes,GYes,HNo,IM,JM,KN,LN,MN,NM,OY,PN,QN,RM,SN,TN,UN,VM,WN,XM,YN,ZY,AAY,ABN,ACY,ADN,AEN,AFY,AGN,AHN,Student
Male,19-22,EYes,FYes,GNo,HMay be,IN,JN,KY,LN,MN,NM,OY,PN,QN,RM,SN,TN,UN,VM,WM,XN,YM,ZY,AAY,ABN,ACY,ADY,AEY,AFY,AGY,AHN,Student
Male,19-22,EYes,FYes,GMay be,HNo,IM,JN,KY,LY,MM,NY,OY,PN,QN,RY,SM,TN,UN,VN,WN,XN,YN,ZY,AAY,ABY,ACN,ADY,AEY,AFN,AGN,AHN,Student
Male,19-22,ENo,FNo,GNo,HNo,IN,JN,KY,LN,MN,NN,ON,PY,QN,RY,SY,TY,UN,VN,WN,XM,YN,ZN,AAY,ABN,ACY,ADN,AEN,AFN,AGY,AHY,Student
Male,23-30,EYes,FYes,GMay be,HNo,IN,JN,KY,LY,MM,NN,OY,PN,QN,RN,SN,TN,UN,VN,WN,XY,YN,ZM,AAM,ABN,ACN,ADY,AEY,AFY,AGY,AHN,Student
Male,23-30,EYes,FNo,GNo,HNo,IN,JM,KY,LN,MN,NN,OY,PY,QN,RM,SN,TY,UM,VY,WN,XY,YN,ZN,AAY,ABN,ACY,ADY,AEY,AFY,AGY,AHN,Student
Male,19-22,EYes,FNo,GNo,HNo,IN,JN,KY,LN,MN,NN,OY,PN,QN,RM,SN,TN,UY,VN,WN,XM,YN,ZY,AAY,ABN,ACM,ADY,AEY,AFY,AGN,AHN,Student
Female,23-30,EYes,FYes,GYes,HYes,IYes,JN,KM,LN,MN,NY,OY,PN,QN,RY,SN,TN,UN,VY,WN,XN,YN,ZY,AAY,ABY,ACY,ADY,AEN,AFY,AGN,AHN,Student
Male,19-22,ENo,FNo,GNo,HNo,IN,JY,KM,LY,MY,NN,OY,PM,QN,RY,SY,TN,UM,VM,WN,XN,YN,ZY,AAY,ABY,ACY,ADY,AEM,AFY,AGN,AHN,Student
Female,19-22,EYes,FMay be,GYes,HNo,IM,JM,KM,LM,MN,NY,OY,PN,QM,RM,SM,TM,UM,VN,WN,XM,YN,ZY,AAY,ABY,ACM,ADY,AEN,AFY,AGM,AHM,Student
Male,19-22,EYes,FNo,GYes,HNo,IN,JY,KY,LY,MN,NN,OY,PN,QY,RY,SY,TN,UN,VM,WY,XN,YY,ZY,AAY,ABY,ACY,ADY,AEN,AFY,AGN,AHM,Student
Male,23-30,EYes,FYes,GYes,HNo,IN,JN,KY,LN,MN,NN,OM,PY,QY,RN,SN,TY,UM,VY,WN,XM,YN,ZY,AAY,ABN,ACN,ADY,AEN,AFY,AGY,AHN,Engineer
Male,19-22,EYes,FYes,GMay be,HNo,IM,JM,KM,LN,MN,NN,OM,PN,QM,RY,SN,TM,UY,VM,WN,XM,YN,ZY,AAY,ABM,ACY,ADY,AEM,AFY,AGY,AHN,Student
Female,23-30,EYes,FNo,GYes,HNo,IN,JM,KY,LY,MY,NN,OY,PN,QN,RM,SY,TN,UN,VY,WN,XN,YM,ZY,AAN,ABN,ACY,ADY,AEY,AFY,AGN,AHN,Student
Female,19-22,EYes,FYes,GYes,HNo,IN,JM,KM,LY,MN,NN,OY,PN,QN,RY,SN,TM,UN,VY,WN,XM,YM,ZY,AAY,ABN,ACY,ADY,AEN,AFN,AGY,AHM,Student
Male,19-22,EYes,FNo,GYes,HNo,IM,JY,KM,LN,MN,NY,OY,PN,QN,RY,SM,TN,UM,VM,WN,XN,YN,ZY,AAY,ABY,ACY,ADY,AEN,AFY,AGN,AHN,Student
Male,19-22,ENo,FNo,GNo,HNo,IN,JY,KN,LN,MN,NY,OY,PN,QN,RM,SY,TN,UM,VM,WN,XN,YN,ZY,AAY,ABY,ACN,ADY,AEM,AFM,AGY,AHN,Student
Female,19-22,EYes,FYes,GMay be,HMay be,IN,JN,KY,LN,MN,NN,OY,PN,QY,RY,SN,TN,UN,VY,WN,XY,YN,ZY,AAY,ABY,ACN,ADY,AEY,AFY,AGN,AHN,Student
Male,23-30,EYes,FMay be,GYes,HMay be,IYes,JM,KY,LY,MN,NY,OY,PM,QY,RM,SN,TM,UN,VM,WN,XM,YM,ZY,AAY,ABY,ACM,ADY,AEY,AFY,AGY,AHN,Student
Male,23-30,EYes,FYes,GYes,HNo,IN,JN,KN,LN,MN,NM,OY,PN,QN,RN,SN,TN,UN,VY,WN,XN,YN,ZY,AAY,ABN,ACY,ADN,AEN,AFY,AGN,AHN,Student
Male,19-22,EYes,FYes,GYes,HNo,IN,JN,KY,LN,MN,NM,OY,PN,QN,RN,SN,TN,UN,VN,WN,XY,YN,ZY,AAY,ABY,ACY,ADY,AEN,AFY,AGN,AHN,Student
Female,19-22,EYes,FYes,GMay be,HMay be,IN,JM,KY,LY,MN,NY,OY,PN,QM,RY,SY,TY,UM,VM,WY,XM,YN,ZM,AAY,ABN,ACY,ADN,AEY,AFY,AGN,AHY,Student
Female,19-22,EYes,FYes,GMay be,HNo,IN,JN,KY,LN,MN,NN,OY,PN,QY,RN,SN,TN,UY,VY,WN,XN,YN,ZY,AAY,ABN,ACY,ADY,AEN,AFY,AGY,AHN,Student
Male,19-22,EYes,FYes,GNo,HNo,IM,JM,KY,LN,MN,NY,OY,PN,QN,RM,SN,TN,UN,VN,WN,XN,YM,ZM,AAY,ABY,ACM,ADY,AEY,AFY,AGY,AHN,Student
Female,19-22,EYes,FNo,GMay be,HYes,IM,JY,KY,LN,MY,NN,OY,PN,QN,RY,SY,TN,UN,VY,WN,XN,YN,ZY,AAY,ABN,ACY,ADY,AEN,AFY,AGY,AHN,Student
Male,23-30,EYes,FYes,GYes,HNo,IYes,JN,KY,LY,MY,NN,OY,PN,QN,RY,SY,TN,UY,VY,WN,XN,YY,ZY,AAY,ABN,ACY,ADY,AEN,AFY,AGY,AHN,Student
Male,19-22,EYes,FYes,GMay be,HNo,IN,JN,KM,LN,MN,NN,OY,PN,QN,RN,SN,TN,UN,VY,WN,XN,YN,ZY,AAY,ABY,ACY,ADY,AEN,AFY,AGN,AHN,Student
Male,19-22,EYes,FNo,GMay be,HNo,IM,JY,KN,LN,MN,NN,OY,PN,QN,RY,SN,TN,UN,VN,WN,XN,YN,ZY,AAY,ABN,ACN,ADN,AEY,AFY,AGN,AHN,Student
Female,19-22,EMaybe,FNo,GNo,HNo,IN,JY,KN,LN,MN,NN,OY,PN,QM,RY,SN,TN,UN,VN,WN,XN,YN,ZY,AAN,ABY,ACN,ADY,AEN,AFY,AGN,AHN,Student
Female,23-30,EYes,FNo,GNo,HNo,IYes,JM,KY,LY,MN,NY,OY,PY,QN,RY,SN,TN,UN,VY,WN,XY,YY,ZY,AAY,ABN,ACM,ADY,AEN,AFY,AGN,AHY,Student
Male,19-22,EMaybe,FNo,GMay be,HNo,IN,JN,KN,LN,MN,NN,OY,PN,QN,RY,SY,TN,UM,VY,WN,XN,YN,ZY,AAY,ABN,ACY,ADY,AEN,AFY,AGY,AHN,Student
Female,19-22,EYes,FYes,GYes,HNo,IN,JM,KY,LN,MN,NN,OY,PN,QN,RN,SN,TN,UN,VY,WN,XN,YN,ZY,AAY,ABN,ACY,ADY,AEN,AFY,AGN,AHN,Student
Male,19-22,ENo,FNo,GMay be,HNo,IYes,JY,KY,LY,MN,NN,OY,PN,QY,RY,SY,TN,UN,VY,WY,XN,YN,ZY,AAY,ABY,ACY,ADY,AEN,AFY,AGN,AHY,Student
Female,23-30,ENo,FNo,GYes,HYes,IM,JM,KY,LY,MN,NM,OY,PN,QN,RM,SN,TM,UM,VM,WN,XM,YM,ZY,AAM,ABY,ACY,ADY,AEY,AFY,AGN,AHM,Student
Male,19-22,ENo,FNo,GNo,HMay be,IM,JM,KY,LY,MY,NY,OY,PY,QN,RY,SN,TN,UM,VM,WN,XY,YN,ZM,AAM,ABY,ACY,ADY,AEY,AFY,AGY,AHY,Student
Male,19-22,EMaybe,FNo,GYes,HNo,IN,JY,KY,LN,MN,NN,OY,PN,QN,RM,SM,TM,UN,VY,WN,XM,YM,ZY,AAY,ABY,ACY,ADY,AEY,AFY,AGY,AHN,Student
Male,23-30,EMaybe,FMay be,GMay be,HMay be,IM,JM,KY,LM,MN,NM,OM,PM,QM,RM,SN,TM,UM,VM,WM,XM,YM,ZM,AAY,ABN,ACN,ADM,AEY,AFM,AGN,AHM,Student
Female,19-22,EYes,FYes,GNo,HNo,IN,JN,KY,LN,MM,NN,OY,PN,QN,RM,SN,TN,UN,VY,WN,XN,YN,ZN,AAY,ABN,ACY,ADY,AEY,AFY,AGY,AHY,Student
Male,19-22,ENo,FMay be,GYes,HNo,IM,JN,KY,LY,MN,NY,OY,PY,QN,RM,SN,TM,UY,VY,WN,XY,YM,ZY,AAY,ABY,ACY,ADY,AEY,AFY,AGY,AHN,Student
Male,23-30,ENo,FNo,GNo,HNo,IN,JM,KN,LN,MY,NN,OY,PN,QN,RM,SY,TN,UM,VY,WN,XN,YN,ZY,AAN,ABY,ACN,ADY,AEN,AFM,AGY,AHN,Student
Female,19-22,EMaybe,FMay be,GYes,HYes,IYes,JM,KY,LN,MN,NN,OY,PN,QN,RN,SN,TN,UN,VN,WY,XY,YN,ZY,AAY,ABY,ACY,ADY,AEY,AFY,AGY,AHN,Student
Male,19-22,EMaybe,FMay be,GNo,HNo,IN,JM,KY,LN,MN,NN,OY,PN,QN,RM,SN,TN,UM,VY,WN,XN,YN,ZY,AAN,ABN,ACN,ADY,AEY,AFY,AGN,AHN,Student
Male,23-30,EYes,FYes,GNo,HNo,IN,JN,KY,LN,MN,NY,OM,PY,QN,RY,SN,TY,UY,VN,WY,XY,YN,ZN,AAY,ABM,ACY,ADN,AEY,AFY,AGN,AHY,Student
Male,23-30,EYes,FYes,GMay be,HNo,IYes,JM,KM,LN,MN,NM,OY,PN,QN,RM,SN,TN,UN,VY,WN,XN,YN,ZY,AAN,ABY,ACY,ADY,AEN,AFN,AGY,AHN,Student
Male,23-30,ENo,FYes,GMay be,HNo,IN,JY,KY,LY,MN,NN,OY,PN,QN,RY,SY,TN,UN,VN,WM,XN,YN,ZY,AAY,ABY,ACM,ADY,AEN,AFY,AGY,AHN,Student
Male,19-22,EYes,FNo,GMay be,HNo,IN,JN,KM,LN,MM,NN,OY,PN,QN,RM,SN,TN,UN,VN,WN,XN,YN,ZY,AAY,ABM,ACN,ADY,AEN,AFY,AGN,AHN,Student
Male,23-30,EYes,FNo,GYes,HNo,IN,JY,KY,LN,MN,NN,OY,PN,QN,RY,SN,TN,UY,VN,WN,XY,YN,ZY,AAY,ABY,ACN,ADN,AEY,AFY,AGY,AHY,Student
Female,23-30,EYes,FNo,GNo,HYes,IYes,JN,KY,LN,MN,NN,OY,PN,QY,RY,SY,TN,UY,VN,WN,XY,YN,ZY,AAN,ABN,ACN,ADY,AEN,AFY,AGN,AHN,Student
Female,23-30,EYes,FYes,GNo,HNo,IN,JN,KY,LN,MN,NN,OY,PN,QN,RY,SM,TN,UN,VN,WN,XN,YN,ZY,AAY,ABN,ACN,ADY,AEN,AFY,AGN,AHN,Student
Male,19-22,EYes,FNo,GMay be,HNo,IM,JM,KY,LN,MN,NY,OY,PN,QM,RM,SN,TM,UN,VY,WY,XM,YY,ZY,AAN,ABY,ACY,ADY,AEN,AFY,AGN,AHY,Student
Male,19-22,EYes,FYes,GYes,HNo,IN,JN,KY,LN,MN,NY,OM,PN,QM,RM,SN,TY,UN,VY,WN,XY,YN,ZY,AAY,ABY,ACY,ADY,AEN,AFY,AGN,AHM,Student
Male,19-22,EYes,FYes,GMay be,HMay be,IM,JN,KM,LY,MN,NN,OY,PN,QN,RY,SN,TN,UN,VN,WM,XN,YY,ZY,AAY,ABY,ACY,ADN,AEN,AFY,AGY,AHN,Student
Male,23-30,EYes,FNo,GYes,HYes,IM,JY,KY,LN,MN,NY,OY,PN,QN,RY,SY,TN,UN,VY,WY,XY,YN,ZY,AAY,ABY,ACY,ADY,AEY,AFY,AGN,AHN,Student
Male,19-22,EYes,FYes,GYes,HNo,IN,JM,KN,LN,MN,NY,OY,PN,QN,RN,SN,TN,UN,VN,WM,XN,YN,ZY,AAY,ABY,ACY,ADY,AEY,AFY,AGY,AHN,Student
Male,23-30,EMaybe,FYes,GMay be,HMay be,IM,JM,KY,LN,MN,NN,OY,PN,QM,RY,SN,TM,UM,VM,WN,XM,YN,ZY,AAY,ABY,ACM,ADM,AEN,AFM,AGY,AHN,Student
Male,19-22,EMaybe,FNo,GYes,HNo,IN,JM,KY,LN,MN,NN,OY,PN,QN,RY,SY,TN,UN,VY,WN,XN,YN,ZY,AAY,ABY,ACY,ADY,AEN,AFN,AGN,AHN,Student
Female,19-22,EYes,FNo,GNo,HNo,IN,JN,KN,LN,MN,NY,OY,PN,QN,RY,SN,TN,UN,VN,WN,XN,YY,ZY,AAN,ABY,ACN,ADY,AEN,AFY,AGN,AHN,Student
Male,19-22,EYes,FNo,GYes,HNo,IYes,JN,KY,LN,MY,NY,OY,PY,QY,RY,SY,TY,UY,VY,WY,XY,YY,ZY,AAY,ABY,ACY,ADY,AEY,AFY,AGN,AHY,Student
Male,19-22,EYes,FYes,GYes,HMay be,IM,JY,KN,LN,MN,NN,OM,PN,QY,RY,SY,TY,UN,VN,WN,XY,YN,ZY,AAY,ABN,ACM,ADY,AEY,AFY,AGN,AHM,Student
Male,19-22,EMaybe,FYes,GYes,HNo,IN,JN,KM,LN,MN,NN,ON,PN,QY,RM,SN,TY,UY,VM,WN,XY,YY,ZY,AAY,ABN,ACY,ADY,AEM,AFY,AGN,AHM,Student
Male,23-30,EMaybe,FNo,GMay be,HNo,IN,JY,KY,LN,MN,NY,OY,PN,QN,RM,SN,TN,UN,VM,WN,XM,YN,ZY,AAY,ABY,ACY,ADY,AEY,AFY,AGN,AHY,Student
Male,19-22,ENo,FNo,GYes,HNo,IN,JY,KY,LN,MN,NY,OY,PN,QM,RY,SY,TN,UN,VY,WN,XN,YM,ZY,AAY,ABY,ACY,ADY,AEN,AFY,AGN,AHN,Student
Female,19-22,EYes,FNo,GNo,HNo,IN,JN,KY,LN,MN,NY,OY,PY,QY,RN,SN,TY,UN,VN,WM,XM,YM,ZY,AAN,ABY,ACY,ADY,AEN,AFY,AGN,AHN,Student
Male,19-22,EYes,FYes,GYes,HMay be,IYes,JY,KY,LN,MN,NN,OY,PN,QN,RY,SY,TN,UN,VY,WY,XY,YY,ZY,AAY,ABY,ACY,ADY,AEN,AFY,AGY,AHY,Student
Female,19-22,EYes,FNo,GYes,HNo,IN,JN,KM,LN,MN,NN,OY,PN,QN,RY,SN,TN,UN,VY,WN,XM,YN,ZY,AAY,ABY,ACY,ADY,AEN,AFN,AGN,AHN,Student
Male,19-22,EMaybe,FMay be,GYes,HNo,IN,JM,KY,LY,MN,NY,ON,PN,QY,RY,SN,TM,UY,VN,WN,XY,YN,ZN,AAY,ABY,ACM,ADY,AEY,AFY,AGY,AHN,Student
Male,23-30,ENo,FNo,GNo,HNo,IM,JY,KN,LY,MN,NY,OM,PY,QN,RY,SY,TM,UY,VM,WY,XY,YY,ZY,AAY,ABN,ACM,ADY,AEY,AFY,AGN,AHM,Student
Male,23-30,EYes,FYes,GMay be,HNo,IM,JY,KM,LY,MM,NY,OY,PN,QN,RY,SY,TN,UY,VN,WN,XM,YN,ZY,AAY,ABM,ACM,ADN,AEY,AFY,AGY,AHN,Student
Male,19-22,EYes,FYes,GMay be,HNo,IN,JN,KY,LN,MN,NN,OY,PN,QN,RY,SN,TN,UN,VY,WN,XN,YN,ZY,AAY,ABY,ACY,ADY,AEY,AFY,AGY,AHN,Student
Male,23-30,ENo,FNo,GNo,HNo,IN,JY,KM,LN,MY,NY,OY,PN,QN,RY,SN,TN,UN,VY,WN,XN,YN,ZY,AAY,ABY,ACM,ADN,AEN,AFY,AGN,AHN,Student
Male,23-30,EYes,FYes,GMay be,HYes,IN,JN,KY,LM,MN,NN,OY,PN,QY,RM,SN,TY,UY,VN,WN,XY,YY,ZY,AAY,ABM,ACY,ADY,AEY,AFY,AGY,AHN,Student
Male,19-22,EYes,FNo,GYes,HNo,IM,JM,KY,LN,MN,NN,OY,PN,QN,RM,SM,TN,UN,VM,WN,XN,YN,ZY,AAY,ABY,ACY,ADY,AEY,AFY,AGY,AHY,Student
Male,19-22,EYes,FNo,GMay be,HNo,IYes,JN,KY,LN,MN,NN,OY,PY,QN,RM,SN,TN,UM,VN,WM,XY,YM,ZY,AAY,ABY,ACN,ADY,AEY,AFY,AGY,AHY,Student
Female,19-22,EYes,FYes,GYes,HNo,IN,JN,KY,LY,MN,NY,ON,PN,QY,RY,SN,TY,UY,VY,WN,XM,YN,ZY,AAY,ABN,ACY,ADY,AEY,AFY,AGN,AHN,Student
Female,19-22,EYes,FYes,GMay be,HNo,IN,JN,KY,LN,MN,NN,OY,PM,QN,RM,SM,TY,UN,VM,WY,XY,YY,ZY,AAY,ABY,ACN,ADN,AEN,AFY,AGM,AHY,Student
Male,19-22,EYes,FYes,GYes,HNo,IN,JY,KY,LN,MN,NY,ON,PY,QN,RY,SN,TM,UN,VN,WN,XN,YN,ZY,AAY,ABN,ACY,ADM,AEN,AFY,AGN,AHN,Student
Male,23-30,EYes,FNo,GNo,HNo,IYes,JN,KM,LN,MM,NN,OY,PN,QN,RY,SN,TN,UN,VY,WN,XN,YN,ZY,AAN,ABY,ACN,ADY,AEY,AFM,AGN,AHN,Data Scientist
Male,23-30,EYes,FYes,GMay be,HNo,IN,JM,KY,LN,MM,NY,ON,PN,QN,RM,SN,TN,UN,VN,WN,XN,YN,ZY,AAY,ABY,ACY,ADY,AEN,AFM,AGN,AHN,Student
Female,19-22,EYes,FYes,GNo,HYes,IM,JN,KY,LN,MN,NY,OY,PY,QY,RM,SN,TN,UM,VY,WY,XN,YM,ZY,AAY,ABM,ACN,ADY,AEN,AFY,AGY,AHY,Student
Female,19-22,EYes,FYes,GYes,HNo,IM,JM,KY,LY,MN,NM,OY,PN,QN,RY,SM,TM,UM,VM,WM,XM,YY,ZM,AAM,ABY,ACN,ADY,AEY,AFY,AGM,AHM,Student
Male,19-22,EMaybe,FYes,GMay be,HNo,IN,JY,KM,LN,MN,NM,OY,PN,QN,RM,SM,TN,UN,VM,WN,XN,YN,ZY,AAY,ABN,ACM,ADY,AEY,AFY,AGY,AHN,Student
Male,23-30,EYes,FYes,GMay be,HMay be,IM,JN,KY,LY,MN,NM,OY,PN,QN,RM,SN,TN,UM,VY,WY,XM,YY,ZM,AAY,ABN,ACY,ADY,AEM,AFY,AGN,AHN,Student
Male,19-22,EYes,FNo,GNo,HNo,IYes,JM,KN,LY,MN,NN,OY,PN,QN,RY,SM,TN,UN,VY,WN,XY,YY,ZY,AAM,ABM,ACN,ADM,AEN,AFM,AGY,AHN,Student
Male,19-22,ENo,FYes,GYes,HMay be,IN,JM,KY,LN,MN,NY,OY,PN,QN,RY,SM,TN,UN,VN,WN,XM,YM,ZY,AAY,ABY,ACY,ADY,AEM,AFY,AGY,AHN,Student
Male,23-30,EYes,FNo,GMay be,HNo,IN,JN,KM,LN,MN,NM,OY,PN,QN,RM,SN,TN,UN,VY,WN,XM,YN,ZY,AAY,ABY,ACY,ADY,AEN,AFN,AGN,AHN,Student
Male,19-22,EYes,FYes,GNo,HNo,IN,JM,KM,LN,MN,NM,ON,PN,QM,RM,SN,TN,UN,VN,WN,XM,YM,ZM,AAM,ABY,ACN,ADY,AEN,AFY,AGY,AHN,Student
Male,19-22,EYes,FYes,GMay be,HNo,IN,JN,KY,LM,MN,NN,OY,PM,QM,RM,SN,TM,UM,VN,WN,XY,YN,ZY,AAY,ABM,ACY,ADY,AEN,AFY,AGN,AHN,Student
Male,23-30,EYes,FYes,GMay be,HNo,IM,JM,KN,LN,MN,NM,ON,PM,QM,RN,SN,TY,UN,VN,WY,XY,YM,ZY,AAM,ABY,ACY,ADN,AEY,AFY,AGN,AHM,Student
Male,23-30,EYes,FMay be,GNo,HNo,IN,JY,KN,LN,MN,NN,OY,PY,QN,RY,SY,TY,UN,VN,WY,XM,YN,ZN,AAY,ABN,ACY,ADY,AEN,AFN,AGN,AHY,Student
Male,19-22,EYes,FYes,GMay be,HNo,IN,JN,KN,LN,MN,NY,OY,PN,QN,RY,SN,TN,UY,VN,WN,XY,YM,ZY,AAY,ABY,ACY,ADY,AEY,AFY,AGN,AHM,Student
Female,23-30,EYes,FMay be,GMay be,HNo,IN,JN,KY,LY,MN,NY,OY,PN,QN,RM,SN,TN,UN,VY,WN,XN,YN,ZY,AAY,ABY,ACY,ADY,AEY,AFY,AGN,AHN,Student
Male,19-22,EYes,FNo,GMay be,HNo,IN,JN,KY,LM,MN,NY,OY,PN,QN,RM,SN,TN,UN,VN,WN,XN,YN,ZY,AAY,ABM,ACM,ADN,AEN,AFY,AGM,AHM,Student
Male,23-30,EYes,FYes,GNo,HNo,IYes,JN,KM,LN,MN,NN,OY,PN,QY,RN,SN,TM,UY,VY,WN,XY,YN,ZY,AAY,ABY,ACN,ADY,AEN,AFY,AGN,AHY,Student
Male,19-22,EYes,FYes,GMay be,HNo,IN,JM,KY,LY,MN,NN,ON,PY,QY,RM,SN,TY,UY,VM,WM,XY,YN,ZY,AAY,ABY,ACY,ADY,AEN,AFY,AGY,AHY,Student
Male,23-30,ENo,FNo,GNo,HNo,IN,JN,KY,LN,MN,NN,OY,PY,QN,RY,SN,TY,UN,VN,WN,XN,YM,ZY,AAY,ABN,ACY,ADY,AEY,AFM,AGN,AHN,Student
Male,19-22,EYes,FYes,GMay be,HYes,IM,JY,KN,LN,MN,NM,OY,PN,QN,RY,SN,TN,UN,VN,WN,XM,YN,ZY,AAY,ABY,ACM,ADY,AEN,AFY,AGY,AHN,Student
Female,19-22,ENo,FNo,GYes,HMay be,IM,JN,KN,LY,MN,NN,OY,PN,QN,RY,SN,TN,UN,VM,WM,XN,YM,ZY,AAN,ABN,ACN,ADN,AEN,AFY,AGN,AHN,Student
Female,19-22,EYes,FYes,GYes,HNo,IN,JM,KM,LN,MN,NY,OY,PN,QM,RM,SN,TN,UN,VN,WN,XN,YN,ZY,AAY,ABY,ACY,ADY,AEM,AFY,AGN,AHN,Student
Female,23-30,EYes,FYes,GMay be,HNo,IN,JN,KY,LY,MM,NN,OY,PN,QY,RN,SN,TY,UN,VY,WN,XY,YN,ZY,AAN,ABY,ACN,ADY,AEN,AFY,AGN,AHY,Student
Male,19-22,EYes,FNo,GMay be,HNo,IYes,JY,KY,LY,MN,NY,OY,PN,QN,RY,SY,TN,UN,VN,WN,XN,YN,ZY,AAY,ABN,ACY,ADY,AEY,AFY,AGY,AHN,Student
Male,19-22,EYes,FYes,GYes,HYes,IYes,JY,KY,LY,MN,NY,OY,PY,QY,RY,SY,TY,UY,VY,WY,XY,YY,ZY,AAY,ABY,ACY,ADY,AEY,AFY,AGY,AHY,Student
Male,19-22,EYes,FNo,GYes,HYes,IM,JY,KY,LN,MN,NY,OY,PN,QN,RY,SY,TN,UY,VY,WM,XY,YY,ZY,AAM,ABY,ACM,ADY,AEY,AFY,AGY,AHY,Student
Male,19-22,ENo,FNo,GMay be,HNo,IN,JM,KY,LN,MN,NM,OY,PN,QN,RM,SN,TM,UN,VM,WN,XN,YN,ZY,AAY,ABY,ACN,ADY,AEM,AFY,AGN,AHN,Student
Male,23-30,EMaybe,FMay be,GNo,HNo,IYes,JY,KM,LN,MN,NY,ON,PN,QN,RY,SM,TM,UN,VM,WM,XY,YM,ZM,AAM,ABM,ACM,ADY,AEM,AFM,AGY,AHN,Student
Male,19-22,EYes,FNo,GNo,HNo,IM,JM,KY,LN,MN,NM,OY,PN,QM,RM,SN,TM,UM,VM,WN,XM,YN,ZY,AAY,ABM,ACY,ADY,AEM,AFY,AGN,AHN,Student
Male,19-22,EYes,FNo,GYes,HYes,IM,JY,KY,LN,MN,NM,OY,PN,QY,RY,SN,TM,UM,VM,WY,XM,YM,ZY,AAY,ABN,ACY,ADY,AEY,AFM,AGY,AHM,Student
Male,19-22,EYes,FNo,GNo,HNo,IN,JN,KY,LY,MY,NY,OY,PN,QN,RN,SN,TN,UN,VY,WN,XN,YN,ZY,AAY,ABN,ACN,ADY,AEY,AFY,AGN,AHN,Student
Female,14-18,EYes,FNo,GNo,HYes,IYes,JM,KY,LY,MY,NY,ON,PY,QN,RY,SY,TM,UN,VN,WY,XY,YY,ZY,AAY,ABY,ACY,ADY,AEY,AFY,AGY,AHY,Student
Male,23-30,ENo,FNo,GNo,HNo,IN,JN,KN,LN,MN,NN,OY,PN,QN,RN,SN,TN,UN,VY,WY,XN,YN,ZY,AAY,ABY,ACY,ADY,AEY,AFY,AGY,AHN,Student
Male,19-22,EYes,FYes,GMay be,HNo,IM,JM,KY,LN,MN,NY,OY,PN,QM,RM,SN,TN,UN,VN,WN,XY,YY,ZY,AAY,ABY,ACM,ADY,AEY,AFY,AGY,AHM,Student
Male,23-30,EMaybe,FNo,GYes,HNo,IM,JN,KY,LY,MN,NN,OY,PN,QN,RY,SN,TN,UN,VM,WN,XN,YN,ZY,AAN,ABM,ACM,ADY,AEN,AFM,AGY,AHN,Student
Male,23-30,EYes,FYes,GYes,HNo,IN,JM,KN,LN,MN,NN,OM,PM,QM,RM,SN,TM,UY,VN,WN,XY,YN,ZY,AAY,ABY,ACM,ADY,AEN,AFY,AGN,AHN,Student
Male,19-22,EYes,FYes,GMay be,HNo,IN,JN,KY,LN,MN,NM,OM,PM,QY,RM,SN,TY,UY,VN,WN,XY,YY,ZM,AAY,ABY,ACY,ADN,AEN,AFY,AGY,AHM,Student
Female,23-30,EYes,FYes,GMay be,HNo,IM,JM,KY,LN,MN,NY,OY,PN,QN,RY,SN,TN,UY,VN,WN,XN,YN,ZY,AAY,ABY,ACY,ADY,AEY,AFY,AGY,AHN,Student
Female,23-30,EYes,FMay be,GNo,HNo,IM,JN,KY,LY,MN,NY,OY,PY,QY,RY,SY,TY,UY,VN,WY,XY,YN,ZY,AAY,ABN,ACY,ADY,AEY,AFY,AGY,AHN,Student
Female,19-22,EMaybe,FNo,GYes,HNo,IM,JM,KY,LN,MY,NY,OY,PN,QN,RY,SN,TM,UM,VM,WN,XM,YN,ZY,AAY,ABY,ACY,ADM,AEN,AFY,AGY,AHM,Student
Female,23-30,EYes,FYes,GYes,HNo,IN,JM,KY,LN,MN,NM,OY,PN,QN,RM,SM,TN,UN,VN,WN,XN,YY,ZY,AAN,ABY,ACY,ADY,AEN,AFY,AGN,AHN,Student
Male,19-22,EYes,FYes,GYes,HNo,IM,JN,KY,LN,MN,NM,OY,PN,QN,RM,SN,TM,UM,VY,WN,XM,YY,ZY,AAY,ABY,ACY,ADY,AEY,AFY,AGY,AHM,Student
Male,23-30,EYes,FYes,GMay be,HYes,IM,JY,KY,LM,MN,NY,OY,PN,QN,RY,SY,TN,UN,VY,WN,XM,YN,ZY,AAY,ABN,ACY,ADM,AEY,AFY,AGY,AHY,Student
Female,19-22,EYes,FYes,GYes,HNo,IN,JM,KY,LN,MN,NN,OY,PY,QY,RY,SN,TM,UY,VY,WM,XM,YY,ZY,AAN,ABY,ACN,ADY,AEN,AFY,AGN,AHY,Student
Male,19-22,EMaybe,FNo,GYes,HNo,IN,JM,KY,LN,MN,NY,OY,PN,QN,RM,SM,TN,UY,VY,WN,XN,YN,ZY,AAY,ABN,ACY,ADY,AEY,AFY,AGY,AHN,Student
Female,23-30,EYes,FMay be,GYes,HNo,IN,JN,KY,LN,MN,NN,OY,PN,QN,RY,SN,TN,UN,VN,WN,XN,YN,ZY,AAY,ABY,ACY,ADY,AEN,AFM,AGN,AHN,Student
Male,23-30,EYes,FMay be,GYes,HNo,IN,JM,KY,LM,MM,NY,OY,PN,QN,RM,SM,TN,UN,VM,WN,XN,YN,ZY,AAY,ABY,ACY,ADY,AEY,AFY,AGN,AHN,Student
Female,19-22,EYes,FYes,GNo,HNo,IYes,JN,KY,LY,MN,NN,OY,PY,QY,RN,SN,TY,UY,VY,WM,XY,YM,ZM,AAM,ABY,ACY,ADY,AEN,AFY,AGN,AHY,Student
Male,23-30,EYes,FNo,GYes,HYes,IN,JY,KY,LN,MN,NM,OY,PY,QY,RY,SY,TN,UN,VY,WN,XN,YY,ZY,AAY,ABY,ACY,ADY,AEN,AFY,AGN,AHN,Student
Male,19-22,EYes,FYes,GMay be,HNo,IM,JN,KY,LY,MN,NY,OY,PN,QN,RY,SN,TN,UN,VN,WN,XN,YN,ZY,AAY,ABY,ACY,ADY,AEY,AFY,AGN,AHN,Student
Male,19-22,EYes,FYes,GNo,HYes,IYes,JN,KY,LN,MN,NY,OY,PN,QY,RY,SN,TY,UY,VN,WY,XY,YY,ZY,AAY,ABY,ACY,ADY,AEY,AFY,AGY,AHY,Student
Male,19-22,EYes,FNo,GYes,HNo,IN,JM,KM,LN,MN,NM,OY,PN,QM,RM,SN,TM,UN,VY,WN,XY,YN,ZY,AAY,ABY,ACN,ADN,AEY,AFY,AGN,AHN,Student
Male,19-22,EMaybe,FNo,GMay be,HNo,IN,JN,KM,LN,MM,NM,OY,PN,QM,RY,SM,TN,UN,VM,WN,XN,YN,ZM,AAY,ABY,ACY,ADY,AEY,AFY,AGN,AHN,Student
Female,19-22,EYes,FYes,GYes,HYes,IYes,JM,KY,LN,MM,NM,OY,PN,QY,RY,SY,TN,UY,VY,WN,XN,YM,ZY,AAY,ABN,ACY,ADY,AEY,AFY,AGY,AHN,Student
Female,19-22,ENo,FMay be,GYes,HMay be,IM,JM,KY,LY,MN,NY,OY,PN,QM,RY,SY,TN,UN,VM,WN,XN,YN,ZY,AAY,ABY,ACY,ADY,AEN,AFY,AGN,AHN,Student
Female,19-22,EYes,FNo,GYes,HNo,IN,JY,KY,LN,MN,NM,OY,PN,QY,RY,SM,TN,UY,VM,WM,XN,YN,ZN,AAY,ABM,ACN,ADN,AEN,AFY,AGY,AHN,Student
Male,19-22,EYes,FYes,GYes,HNo,IM,JM,KY,LM,MN,NM,OY,PN,QM,RY,SN,TM,UM,VY,WY,XM,YY,ZY,AAM,ABY,ACY,ADY,AEM,AFY,AGM,AHN,Student
Female,23-30,EYes,FNo,GYes,HNo,IN,JM,KY,LN,MN,NM,OY,PN,QN,RY,SN,TM,UY,VN,WN,XN,YN,ZY,AAY,ABY,ACN,ADY,AEY,AFM,AGY,AHN,Student
Male,19-22,EYes,FYes,GNo,HNo,IM,JY,KY,LN,MN,NN,OY,PN,QN,RY,SN,TN,UN,VY,WN,XN,YY,ZY,AAY,ABY,ACY,ADY,AEY,AFN,AGY,AHN,Student
Male,19-22,EYes,FYes,GYes,HMay be,IM,JN,KY,LY,MN,NY,OY,PN,QN,RY,SY,TN,UN,VY,WY,XN,YY,ZY,AAY,ABY,ACY,ADN,AEY,AFY,AGN,AHY,Student
Male,23-30,ENo,FYes,GYes,HNo,IN,JY,KY,LY,MN,NN,OY,PY,QY,RY,SN,TN,UY,VN,WY,XN,YY,ZY,AAY,ABN,ACN,ADN,AEN,AFY,AGY,AHN,Student
Female,19-22,EYes,FMay be,GMay be,HNo,IN,JM,KN,LN,MN,NN,ON,PN,QN,RM,SM,TN,UN,VM,WN,XN,YN,ZY,AAM,ABY,ACM,ADY,AEN,AFM,AGY,AHN,Student
Female,19-22,EYes,FYes,GNo,HYes,IM,JN,KY,LM,MN,NM,OM,PM,QM,RM,SN,TM,UM,VN,WN,XM,YM,ZY,AAY,ABN,ACM,ADY,AEM,AFM,AGM,AHM,Student
Female,19-22,EYes,FYes,GNo,HNo,IN,JN,KY,LN,MN,NN,OY,PN,QM,RM,SN,TN,UN,VN,WN,XM,YM,ZY,AAM,ABY,ACM,ADY,AEN,AFY,AGN,AHN,Student
Female,19-22,EMaybe,FNo,GNo,HNo,IM,JN,KY,LN,MN,NY,OY,PY,QN,RM,SN,TM,UN,VY,WN,XM,YN,ZY,AAY,ABY,ACY,ADY,AEN,AFY,AGY,AHN,Student
Male,19-22,ENo,FNo,GNo,HNo,IN,JN,KN,LN,MY,NN,ON,PY,QY,RN,SN,TY,UY,VN,WN,XY,YN,ZY,AAY,ABY,ACY,ADY,AEN,AFY,AGN,AHY,Student
Male,23-30,ENo,FNo,GYes,HMay be,IM,JM,KY,LM,MN,NM,ON,PN,QM,RY,SY,TN,UN,VY,WY,XM,YM,ZM,AAY,ABN,ACY,ADY,AEN,AFY,AGY,AHM,Student
Male,19-22,ENo,FYes,GMay be,HNo,IN,JM,KY,LN,MN,NM,OY,PN,QN,RY,SN,TN,UM,VN,WN,XM,YM,ZM,AAY,ABY,ACM,ADY,AEN,AFY,AGN,AHM,Student
Male,19-22,EYes,FNo,GMay be,HNo,IN,JN,KY,LY,MN,NY,OY,PY,QN,RY,SN,TN,UY,VY,WN,XN,YN,ZY,AAY,ABY,ACY,ADN,AEN,AFY,AGN,AHN,Student
Female,19-22,EYes,FYes,GMay be,HNo,IN,JY,KY,LN,MN,NY,OY,PN,QY,RN,SN,TN,UN,VY,WY,XN,YN,ZY,AAY,ABN,ACY,ADY,AEY,AFY,AGY,AHN,Student
Male,19-22,EYes,FNo,GMay be,HNo,IN,JN,KM,LN,MN,NY,OY,PN,QN,RY,SY,TN,UN,VM,WN,XN,YN,ZY,AAY,ABY,ACY,ADY,AEY,AFY,AGN,AHN,Student
Female,19-22,EYes,FYes,GMay be,HNo,IN,JM,KY,LN,MN,NM,OY,PN,QM,RM,SN,TN,UN,VY,WN,XN,YN,ZM,AAY,ABY,ACN,ADY,AEM,AFY,AGN,AHM,Student
Male,19-22,EYes,FYes,GYes,HYes,IM,JY,KY,LY,MN,NN,OY,PN,QM,RY,SN,TN,UN,VN,WN,XN,YY,ZY,AAY,ABY,ACM,ADY,AEN,AFY,AGY,AHM,Student
Male,19-22,ENo,FYes,GMay be,HNo,IM,JM,KM,LN,MM,NM,OY,PN,QN,RM,SY,TN,UN,VM,WM,XM,YM,ZM,AAM,ABY,ACM,ADY,AEN,AFM,AGN,AHM,Student
Female,19-22,EYes,FYes,GYes,HNo,IN,JM,KM,LY,MM,NN,OY,PN,QN,RM,SM,TN,UN,VY,WN,XN,YN,ZY,AAY,ABY,ACY,ADY,AEN,AFY,AGY,AHY,Student
Female,19-22,EMaybe,FNo,GNo,HNo,IN,JM,KY,LN,MN,NM,OM,PN,QN,RM,SN,TM,UM,VM,WN,XN,YN,ZM,AAN,ABN,ACY,ADY,AEN,AFY,AGN,AHM,Student
Male,19-22,ENo,FYes,GYes,HNo,IN,JN,KY,LY,MN,NN,OY,PY,QY,RM,SM,TM,UM,VM,WM,XN,YY,ZY,AAY,ABY,ACN,ADY,AEN,AFY,AGN,AHN,Student
Male,23-30,EYes,FYes,GYes,HNo,IN,JY,KY,LM,MN,NN,OY,PN,QN,RY,SN,TN,UN,VY,WM,XN,YY,ZY,AAY,ABY,ACY,ADN,AEN,AFY,AGM,AHN,Student
Female,19-22,EYes,FYes,GNo,HNo,IM,JY,KY,LN,MN,NM,OY,PN,QN,RY,SN,TN,UN,VM,WN,XN,YY,ZY,AAN,ABY,ACY,ADY,AEY,AFY,AGN,AHN,Student
Male,19-22,EYes,FYes,GYes,HNo,IM,JM,KY,LN,MN,NM,ON,PM,QM,RY,SN,TY,UM,VM,WY,XY,YM,ZM,AAM,ABM,ACM,ADM,AEM,AFM,AGM,AHM,Student
Male,19-22,EMaybe,FNo,GYes,HNo,IM,JY,KM,LN,MN,NN,OY,PN,QN,RY,SY,TN,UN,VN,WN,XY,YN,ZY,AAY,ABY,ACY,ADY,AEN,AFY,AGY,AHN,Student
Male,19-22,ENo,FMay be,GMay be,HNo,IN,JM,KM,LN,MN,NN,OY,PN,QM,RM,SN,TY,UY,VN,WN,XM,YN,ZY,AAM,ABM,ACY,ADY,AEN,AFY,AGY,AHY,Student
Male,19-22,EYes,FMay be,GMay be,HNo,IM,JM,KM,LN,MN,NN,OY,PN,QN,RM,SN,TN,UN,VN,WN,XN,YM,ZY,AAY,ABM,ACN,ADY,AEY,AFY,AGY,AHN,Student
Female,19-22,EYes,FYes,GYes,HYes,IN,JY,KY,LN,MN,NY,OY,PY,QY,RY,SY,TY,UY,VY,WN,XY,YY,ZY,AAY,ABN,ACN,ADY,AEN,AFY,AGN,AHM,Student
Female,19-22,EYes,FYes,GYes,HNo,IN,JN,KY,LN,MN,NY,OY,PN,QN,RM,SM,TN,UN,VN,WN,XN,YN,ZY,AAY,ABN,ACY,ADY,AEN,AFY,AGY,AHN,Student
Male,19-22,EYes,FYes,GMay be,HNo,IN,JM,KM,LN,MN,NN,OY,PN,QN,RM,SM,TN,UN,VN,WN,XN,YN,ZY,AAY,ABY,ACY,ADY,AEN,AFY,AGY,AHN,Student
Male,19-22,ENo,FYes,GNo,HNo,IM,JN,KY,LY,MN,NN,ON,PN,QN,RY,SN,TM,UM,VN,WN,XY,YM,ZY,AAN,ABY,ACY,ADN,AEN,AFY,AGY,AHN,Student
Female,19-22,EYes,FYes,GNo,HNo,IM,JN,KY,LY,MN,NM,OY,PN,QN,RM,SN,TM,UN,VM,WN,XN,YN,ZY,AAY,ABN,ACY,ADY,AEN,AFY,AGN,AHN,Student
Male,19-22,EYes,FYes,GMay be,HNo,IN,JN,KM,LN,MM,NM,OM,PY,QM,RY,SN,TY,UM,VM,WN,XM,YM,ZY,AAY,ABN,ACN,ADY,AEN,AFM,AGN,AHM,Student
Male,19-22,EYes,FNo,GNo,HNo,IM,JN,KY,LN,MN,NN,ON,PN,QY,RN,SN,TY,UN,VY,WN,XY,YN,ZY,AAY,ABY,ACY,ADY,AEN,AFY,AGY,AHN,Student
Female,19-22,EYes,FYes,GYes,HNo,IN,JM,KM,LN,MN,NY,OY,PY,QM,RY,SM,TN,UM,VM,WM,XY,YM,ZY,AAY,ABY,ACY,ADY,AEN,AFY,AGY,AHN,Student
Female,19-22,ENo,FYes,GYes,HNo,IN,JN,KY,LN,MN,NN,OY,PN,QN,RM,SM,TN,UN,VY,WN,XN,YN,ZY,AAY,ABN,ACM,ADY,AEN,AFY,AGN,AHN,Student
Male,19-22,EYes,FYes,GMay be,HNo,IN,JN,KM,LY,MN,NM,OY,PY,QN,RY,SM,TM,UN,VY,WN,XY,YY,ZY,AAY,ABY,ACY,ADY,AEN,AFY,AGY,AHN,Student
Male,23-30,ENo,FNo,GYes,HNo,IM,JN,KY,LN,MN,NM,OY,PN,QN,RY,SM,TN,UN,VM,WN,XM,YN,ZY,AAY,ABY,ACY,ADY,AEY,AFN,AGN,AHN,Student
Male,19-22,EYes,FNo,GYes,HYes,IYes,JY,KM,LN,MY,NY,OY,PN,QN,RY,SY,TN,UM,VY,WN,XM,YY,ZN,AAM,ABY,ACN,ADY,AEY,AFN,AGY,AHN,Student
Male,19-22,EYes,FYes,GYes,HNo,IN,JM,KY,LM,MN,NN,OY,PN,QN,RM,SN,TN,UN,VY,WN,XN,YY,ZY,AAY,ABY,ACY,ADN,AEN,AFY,AGN,AHN,Student
Male,23-30,ENo,FNo,GYes,HNo,IN,JN,KN,LN,MY,NY,OY,PN,QN,RN,SN,TN,UN,VN,WN,XN,YN,ZY,AAY,ABY,ACN,ADN,AEN,AFN,AGN,AHN,Student
Male,19-22,EYes,FYes,GYes,HNo,IM,JN,KY,LM,MN,NY,OY,PN,QN,RY,SN,TM,UM,VM,WY,XY,YY,ZY,AAY,ABM,ACY,ADY,AEY,AFY,AGN,AHN,Student
Female,19-22,EYes,FYes,GMay be,HNo,IM,JN,KM,LN,MY,NY,OY,PN,QN,RM,SM,TN,UY,VM,WN,XN,YN,ZY,AAY,ABY,ACY,ADY,AEN,AFY,AGN,AHN,Student
Female,19-22,EMaybe,FNo,GYes,HNo,IN,JM,KY,LM,MN,NM,OY,PN,QN,RM,SM,TN,UN,VY,WN,XN,YM,ZY,AAY,ABY,ACM,ADY,AEY,AFY,AGN,AHN,Student
Male,23-30,EYes,FNo,GYes,HMay be,IM,JN,KY,LN,MN,NM,OY,PN,QY,RY,SY,TN,UN,VN,WY,XY,YN,ZY,AAY,ABN,ACN,ADN,AEN,AFY,AGN,AHN,Student
Male,23-30,EYes,FMay be,GNo,HNo,IN,JN,KY,LN,MN,NY,OY,PN,QY,RY,SY,TN,UN,VY,WY,XY,YN,ZY,AAY,ABN,ACY,ADY,AEN,AFY,AGN,AHN,Student
Male,23-30,EYes,FNo,GNo,HNo,IN,JM,KN,LN,MN,NY,OY,PN,QM,RY,SY,TM,UN,VY,WN,XN,YN,ZM,AAY,ABN,ACN,ADY,AEY,AFN,AGY,AHN,Student
Male,23-30,EYes,FYes,GMay be,HNo,IYes,JM,KY,LN,MM,NY,OY,PN,QN,RN,SN,TN,UN,VN,WY,XM,YM,ZY,AAY,ABY,ACY,ADY,AEY,AFY,AGN,AHM,Engineer
Male,23-30,EMaybe,FNo,GYes,HNo,IN,JM,KN,LN,MY,NN,OY,PM,QN,RY,SM,TM,UN,VN,WN,XN,YN,ZY,AAY,ABY,ACN,ADN,AEY,AFY,AGN,AHN,Student
Male,23-30,EYes,Yes,GYes,HNo,IN,JM,KY,LN,MM,NY,OY,PN,QN,RY,SN,TN,UY,VY,WY,XN,YN,ZY,AAY,ABN,ACY,ADN,AEN,AFY,AGY,AHN,Teacher
Female,23-30,EYes,FMay be,GMay be,HNo,IYes,JN,KY,LM,MN,NY,OY,PN,QN,RN,SN,TN,UN,VM,WM,XN,YN,ZY,AAN,ABY,ACN,ADN,AEY,AFY,AGY,AHN,Student
Male,19-22,EYes,FNo,GNo,HNo,IN,JY,KN,LN,MN,NY,OY,PN,QY,RY,SY,TY,UN,VN,WN,XN,YN,ZY,AAY,ABY,ACY,ADN,AEY,AFN,AGN,AHN,Student
Male,23-30,EYes,FNo,GMay be,HNo,IN,JY,KN,LN,MN,NN,OY,PY,QY,RY,SN,TY,UN,VY,WN,XN,YN,ZY,AAN,ABY,ACN,ADN,AEY,AFM,AGN,AHN,Engineer
Male,23-30,EYes,FNo,GNo,HNo,IN,JN,KY,LY,MY,NY,OY,PN,QN,RN,SY,TN,UN,VY,WN,XN,YN,ZY,AAY,ABY,ACY,ADY,AEY,AFN,AGN,AHN,Student
Female,23-30,EYes,FMay be,GNo,HNo,IN,JM,KM,LN,MN,NN,OY,PN,QN,RY,SN,TN,UN,VN,WM,XN,YM,ZY,AAN,ABY,ACM,ADM,AEN,AFY,AGN,AHN,Engineer
Male,19-22,EYes,FMay be,GNo,HNo,IN,JY,KY,LY,MN,NY,OM,PN,QN,RY,SN,TN,UN,VY,WN,XN,YN,ZY,AAY,ABY,ACY,ADY,AEY,AFM,AGN,AHN,Student
Male,23-30,EYes,FMay be,GNo,HNo,IM,JN,KN,LN,MM,NY,OY,PN,QM,RY,SN,TN,UM,VY,WN,XN,YN,ZM,AAY,ABY,ACN,ADY,AEN,AFY,AGN,AHM,Student
Male,19-22,EYes,Yes,GYes,HNo,IN,JN,KN,LN,MN,NY,OY,PN,QN,RM,SY,TN,UN,VY,WN,XN,YN,ZY,AAY,ABY,ACN,ADN,AEY,AFY,AGN,AHN,Student
Female,19-22,ENo,Yes,GYes,HNo,IM,JY,KN,LN,MN,NY,OM,PN,QY,RY,SN,TN,UY,VN,WN,XN,YN,ZY,AAN,ABY,ACN,ADY,AEN,AFM,AGY,AHN,Student
Male,23-30,EYes,FMay be,GYes,HNo,IM,JM,KM,LN,MN,NN,OY,PY,QM,RY,SN,TM,UN,VY,WN,XM,YM,ZY,AAN,ABY,ACY,ADY,AEN,AFY,AGN,AHN,software engineer
Female,23-30,EYes,FNo,GMay be,HMay be,IN,JN,KY,LN,MN,NY,OY,PN,QN,RY,SN,TN,UN,VY,WN,XN,YN,ZY,AAY,ABY,ACY,ADY,AEY,AFY,AGY,AHN,Student
Male,23-30,ENo,FNo,GNo,HNo,IN,JM,KY,LN,MY,NN,OY,PN,QN,RY,SN,TN,UN,VY,WN,XN,YN,ZY,AAN,ABN,ACN,ADY,AEN,AFY,AGY,AHN,Teacher
Male,23-30,EYes,Yes,GNo,HNo,IN,JY,KY,LY,MM,NN,OY,PN,QN,RY,SM,TN,UM,VY,WN,XN,YN,ZY,AAN,ABY,ACY,ADN,AEN,AFM,AGY,AHN,Engineer
Male,51-60,EYes,Yes,GNo,HYes,IYes,JY,KM,LN,MN,NY,OY,PN,QN,RY,SM,TN,UN,VY,WN,XN,YN,ZY,AAY,ABY,ACN,ADN,AEY,AFY,AGY,AHN,Engineer
Male,23-30,EYes,Yes,GNo,HNo,IN,JN,KN,LN,MN,NN,OY,PN,QN,RY,SN,TN,UN,VY,WN,XN,YN,ZY,AAY,ABY,ACY,ADY,AEN,AFY,AGN,AHN,Student
Male,23-30,EYes,Yes,GYes,HNo,IM,JY,KN,LY,MY,NY,OY,PN,QY,RY,SN,TY,UY,VY,WN,XY,YY,ZN,AAN,ABY,ACY,ADN,AEN,AFY,AGN,AHY,Engineer
Female,23-30,ENo,FNo,GYes,HNo,IN,JM,KN,LN,MN,NM,OY,PY,QY,RY,SN,TN,UN,VM,WN,XY,YN,ZM,AAN,ABN,ACN,ADN,AEN,AFY,AGY,AHN,Student
Female,23-30,EYes,Yes,GMay be,HNo,IN,JN,KY,LN,MN,NN,OY,PN,QN,RN,SN,TN,UN,VY,WN,XN,YN,ZY,AAY,ABY,ACY,ADY,AEY,AFY,AGN,AHN,Engineer
Male,23-30,EMaybe,Yes,GMay be,HNo,IN,JM,KY,LY,MN,NN,OY,PY,QN,RY,SN,TN,UN,VY,WN,XN,YN,ZY,AAN,ABY,ACN,ADY,AEN,AFY,AGY,AHN,Engineer
Male,23-30,EYes,Yes,GYes,HNo,IN,JN,KN,LN,MY,NM,OY,PN,QM,RM,SN,TN,UN,VY,WN,XM,YN,ZY,AAN,ABY,ACN,ADY,AEM,AFY,AGY,AHN,Student
Male,31-50,EYes,FNo,GMay be,HNo,IYes,JN,KY,LN,MN,NN,OY,PN,QN,RM,SY,TN,UY,VY,WN,XM,YN,ZY,AAN,ABN,ACN,ADN,AEY,AFY,AGN,AHN,Engineer
Male,19-22,EYes,Yes,GMay be,HNo,IM,JN,KY,LY,MN,NN,OY,PN,QN,RY,SN,TN,UN,VN,WN,XN,YN,ZY,AAY,ABY,ACY,ADY,AEM,AFY,AGN,AHN,Student
Male,23-30,EMaybe,FNo,GNo,HNo,IN,JN,KN,LN,MN,NY,OM,PY,QY,RN,SN,TY,UY,VM,WM,XY,YN,ZY,AAN,ABY,ACN,ADN,AEY,AFM,AGY,AHN,Student
Female,19-22,EYes,FNo,GNo,HNo,IN,JM,KN,LN,MN,NN,OY,PY,QM,RM,SM,TN,UN,VY,WN,XN,YN,ZY,AAY,ABN,ACY,ADY,AEY,AFY,AGN,AHN,Student
Female,19-22,EYes,Yes,GMay be,HNo,IN,JY,KN,LN,MN,NN,OY,PN,QN,RM,SN,TN,UN,VY,WN,XN,YN,ZY,AAY,ABY,ACY,ADY,AEN,AFM,AGY,AHN,Student
